-- Downloaded from: https://github.com/gsdnMartin/PIDAP/blob/ba04264f6304b96119b4dba33446b48746ec5c7f/PIDAP_Plain.sql
--
-- PostgreSQL database dump
--

-- Dumped from database version 14.9 (Ubuntu 14.9-0ubuntu0.22.04.1)
-- Dumped by pg_dump version 14.9 (Ubuntu 14.9-0ubuntu0.22.04.1)

-- Started on 2023-11-15 12:50:44 CST

SET statement_timeout = 0;
SET lock_timeout = 0;
SET idle_in_transaction_session_timeout = 0;
SET client_encoding = 'UTF8';
SET standard_conforming_strings = on;
SELECT pg_catalog.set_config('search_path', '', false);
SET check_function_bodies = false;
SET xmloption = content;
SET client_min_messages = warning;
SET row_security = off;

--
-- TOC entry 221 (class 1255 OID 16386)
-- Name: valida_cp(); Type: FUNCTION; Schema: public; Owner: mots
--

CREATE FUNCTION public.valida_cp() RETURNS trigger
    LANGUAGE plpgsql
    AS $$BEGIN
  IF NEW.cp IS NULL OR NEW.cp <= 20000 OR NEW.cp >= 99998 THEN
    RAISE EXCEPTION 'Código postal incorrecto';
  END IF;
  RETURN NEW;
END;
$$;


ALTER FUNCTION public.valida_cp() OWNER TO mots;

--
-- TOC entry 220 (class 1255 OID 16387)
-- Name: valida_valor(); Type: FUNCTION; Schema: public; Owner: mots
--

CREATE FUNCTION public.valida_valor() RETURNS trigger
    LANGUAGE plpgsql
    AS $$begin
  if NEW.valor IS NULL OR NEW.valor < 1 THEN
	raise exception 'Ingresa cantidad valida';
    RETURN FALSE; 
  END IF;

  RETURN NEW;
END;$$;


ALTER FUNCTION public.valida_valor() OWNER TO mots;

SET default_tablespace = '';

SET default_table_access_method = heap;

--
-- TOC entry 209 (class 1259 OID 16388)
-- Name: comercio_exterior; Type: TABLE; Schema: public; Owner: mots
--

CREATE TABLE public.comercio_exterior (
    id_ce integer NOT NULL,
    id_distribuidora integer NOT NULL,
    tipo character varying NOT NULL,
    unidad character varying NOT NULL,
    periodo date NOT NULL,
    movimiento character varying NOT NULL,
    valor numeric NOT NULL
);


ALTER TABLE public.comercio_exterior OWNER TO mots;

--
-- TOC entry 218 (class 1259 OID 16630)
-- Name: distribuidora; Type: TABLE; Schema: public; Owner: postgres
--

CREATE TABLE public.distribuidora (
    id_distribuidora integer NOT NULL,
    id_estado integer NOT NULL,
    id_pozo integer NOT NULL,
    ubicacion character varying,
    cp integer NOT NULL
);


ALTER TABLE public.distribuidora OWNER TO postgres;

--
-- TOC entry 210 (class 1259 OID 16398)
-- Name: estado; Type: TABLE; Schema: public; Owner: mots
--

CREATE TABLE public.estado (
    id_estado integer NOT NULL,
    nombre character varying NOT NULL,
    min_cp integer NOT NULL,
    max_cp integer NOT NULL
);


ALTER TABLE public.estado OWNER TO mots;

--
-- TOC entry 211 (class 1259 OID 16403)
-- Name: pozo; Type: TABLE; Schema: public; Owner: mots
--

CREATE TABLE public.pozo (
    id_pozo integer NOT NULL,
    id_estado integer,
    periodo date NOT NULL
);


ALTER TABLE public.pozo OWNER TO mots;

--
-- TOC entry 212 (class 1259 OID 16406)
-- Name: produccion; Type: TABLE; Schema: public; Owner: mots
--

CREATE TABLE public.produccion (
    id_produccion integer NOT NULL,
    id_pozo integer,
    tipo character varying NOT NULL,
    unidad character varying(5) NOT NULL,
    periodo date NOT NULL,
    valor numeric
);


ALTER TABLE public.produccion OWNER TO mots;

--
-- TOC entry 213 (class 1259 OID 16411)
-- Name: productos; Type: TABLE; Schema: public; Owner: mots
--

CREATE TABLE public.productos (
    id_productos integer NOT NULL,
    id_distribuidora integer NOT NULL,
    magna boolean NOT NULL,
    premium boolean NOT NULL,
    diesel boolean NOT NULL,
    dme boolean NOT NULL
);


ALTER TABLE public.productos OWNER TO mots;

--
-- TOC entry 214 (class 1259 OID 16414)
-- Name: quejas; Type: TABLE; Schema: public; Owner: mots
--

CREATE TABLE public.quejas (
    id_queja integer NOT NULL,
    id_distribuidora integer NOT NULL,
    estado character varying NOT NULL,
    anio integer NOT NULL
);


ALTER TABLE public.quejas OWNER TO mots;

--
-- TOC entry 215 (class 1259 OID 16419)
-- Name: ventas_internas; Type: TABLE; Schema: public; Owner: mots
--

CREATE TABLE public.ventas_internas (
    id_vi integer NOT NULL,
    id_distribuidora integer NOT NULL,
    tipo character varying NOT NULL,
    unidad character varying(5) NOT NULL,
    periodo date NOT NULL,
    valor numeric
);


ALTER TABLE public.ventas_internas OWNER TO mots;

--
-- TOC entry 219 (class 1259 OID 16677)
-- Name: vista_distribuidora_estado; Type: VIEW; Schema: public; Owner: postgres
--

CREATE VIEW public.vista_distribuidora_estado AS
 SELECT p.id_estado AS id_distribuidora,
    e.nombre AS nombre_estado,
    count(*) AS cantidad
   FROM (public.distribuidora p
     JOIN public.estado e ON ((p.id_estado = e.id_estado)))
  GROUP BY p.id_estado, e.nombre
 HAVING (count(*) > 0);


ALTER TABLE public.vista_distribuidora_estado OWNER TO postgres;

--
-- TOC entry 216 (class 1259 OID 16428)
-- Name: vista_pozo_estado; Type: VIEW; Schema: public; Owner: mots
--

CREATE VIEW public.vista_pozo_estado AS
 SELECT p.id_estado,
    e.nombre AS nombre_estado,
    count(*) AS cantidad
   FROM (public.pozo p
     JOIN public.estado e ON ((p.id_estado = e.id_estado)))
  GROUP BY p.id_estado, e.nombre
 HAVING (count(*) > 3);


ALTER TABLE public.vista_pozo_estado OWNER TO mots;

--
-- TOC entry 217 (class 1259 OID 16432)
-- Name: vista_produccion_anual; Type: VIEW; Schema: public; Owner: mots
--

CREATE VIEW public.vista_produccion_anual AS
 SELECT EXTRACT(year FROM produccion.periodo) AS anio,
    sum(produccion.valor) AS produccion_total
   FROM public.produccion
  GROUP BY (EXTRACT(year FROM produccion.periodo))
  ORDER BY (EXTRACT(year FROM produccion.periodo));


ALTER TABLE public.vista_produccion_anual OWNER TO mots;

--
-- TOC entry 3414 (class 0 OID 16388)
-- Dependencies: 209
-- Data for Name: comercio_exterior; Type: TABLE DATA; Schema: public; Owner: mots
--

COPY public.comercio_exterior (id_ce, id_distribuidora, tipo, unidad, periodo, movimiento, valor) FROM stdin;
\.


--
-- TOC entry 3421 (class 0 OID 16630)
-- Dependencies: 218
-- Data for Name: distribuidora; Type: TABLE DATA; Schema: public; Owner: postgres
--

COPY public.distribuidora (id_distribuidora, id_estado, id_pozo, ubicacion, cp) FROM stdin;
2	7	20	\N	15220
3	7	7	\N	7300
6	7	30	\N	3400
4	7	56	\N	11000
7	7	50	\N	3400
5	7	13	\N	3300
8	7	48	\N	1000
9	7	29	\N	6700
10	7	20	\N	3020
11	7	23	\N	11480
12	7	49	\N	2250
13	7	54	\N	11000
14	7	14	\N	7300
15	7	47	\N	11300
16	7	58	\N	1280
17	7	18	\N	3020
18	7	44	\N	6600
19	7	16	\N	4000
21	7	48	\N	3800
20	7	45	\N	6010
22	7	19	\N	15220
23	7	20	\N	6720
24	7	47	\N	4890
25	7	27	\N	6760
26	7	6	\N	6400
27	7	34	\N	13220
28	7	7	\N	2300
29	7	16	\N	6400
30	7	2	\N	2080
32	25	47	\N	80200
33	7	54	\N	15270
31	7	41	\N	6700
34	7	48	\N	3600
35	7	58	\N	3100
36	7	4	\N	3100
37	7	48	\N	2080
38	7	57	\N	2810
39	7	4	\N	7780
40	7	16	\N	3810
41	7	52	\N	6170
42	7	13	\N	6700
43	7	50	\N	4330
44	7	9	\N	3100
45	7	5	\N	6140
46	7	42	\N	15280
47	7	28	\N	15820
48	7	21	\N	7870
49	7	45	\N	15270
50	7	28	\N	15500
51	7	36	\N	15810
52	7	35	\N	11410
53	7	42	\N	6220
55	7	43	\N	6250
54	7	55	\N	6700
56	7	43	\N	7800
57	7	12	\N	14000
59	7	44	\N	6470
60	7	8	\N	4120
61	7	30	\N	6400
62	7	43	\N	6350
58	7	11	\N	6350
63	7	47	\N	9210
64	7	19	\N	14090
65	7	52	\N	1020
66	7	35	\N	1000
67	7	51	\N	6100
68	7	56	\N	6500
69	7	59	\N	9000
70	7	3	\N	2970
71	7	23	\N	2000
72	7	36	\N	7020
74	7	2	\N	6800
73	7	46	\N	7040
75	7	37	\N	6140
76	7	28	\N	15270
77	7	53	\N	15270
79	7	59	\N	11320
78	7	46	\N	6800
80	7	20	\N	11320
81	7	21	\N	11270
82	7	14	\N	13080
84	7	47	\N	11850
83	7	31	\N	6500
86	7	47	\N	7870
85	7	32	\N	6250
87	7	3	\N	11800
88	7	6	\N	11800
90	7	36	\N	6500
91	11	11	\N	56400
89	7	13	\N	3100
92	7	17	\N	5000
93	7	46	\N	3700
94	7	38	\N	3800
95	7	23	\N	6700
96	7	11	\N	3400
97	7	29	\N	6300
98	19	22	\N	67000
99	7	28	\N	6200
100	7	21	\N	6170
101	7	21	\N	3300
102	7	19	\N	11000
103	7	14	\N	6880
104	7	50	\N	11870
106	7	28	\N	6880
107	7	13	\N	11210
105	7	34	\N	7020
108	7	14	\N	15000
109	7	9	\N	3530
110	7	6	\N	6820
111	7	23	\N	4650
114	7	47	\N	7750
113	7	12	\N	2600
112	7	53	\N	14050
115	7	13	\N	3600
116	7	32	\N	8650
117	7	29	\N	6840
119	11	29	\N	56900
118	11	22	\N	56900
120	11	1	\N	56900
122	11	58	\N	55660
121	11	17	\N	56900
123	11	31	\N	52978
124	29	22	\N	90200
125	11	9	\N	55700
126	11	37	\N	54800
127	11	42	\N	55500
128	11	31	\N	56600
131	11	27	\N	52783
129	11	58	\N	56600
130	11	51	\N	54680
132	11	39	\N	54240
133	11	34	\N	54940
134	11	20	\N	54880
135	7	35	\N	12000
137	11	45	\N	54090
136	11	54	\N	54605
138	11	52	\N	56800
139	11	21	\N	55040
140	11	6	\N	55310
141	11	31	\N	54770
144	11	45	\N	56100
142	11	15	\N	55885
143	14	29	\N	42850
145	11	53	\N	56700
146	14	45	\N	43800
147	11	57	\N	54030
148	11	24	\N	54000
149	11	58	\N	54030
150	11	19	\N	55400
152	11	24	\N	54413
151	11	10	\N	54960
153	11	59	\N	54400
154	14	37	\N	43800
155	7	17	\N	6170
156	7	28	\N	3810
157	7	53	\N	11410
158	7	59	\N	6720
159	7	54	\N	9090
160	13	39	\N	40830
161	11	58	\N	53490
162	7	2	\N	1150
164	5	54	\N	30450
163	5	52	\N	30450
165	5	38	\N	30450
166	5	25	\N	30400
167	5	59	\N	30000
168	5	57	\N	29160
169	5	48	\N	29060
170	5	28	\N	29140
172	5	50	\N	29270
171	5	1	\N	30540
173	5	24	\N	29290
174	5	32	\N	30500
175	5	57	\N	29045
176	5	29	\N	29000
177	5	39	\N	29130
178	5	35	\N	29000
179	5	48	\N	29000
183	5	37	\N	30470
182	5	22	\N	30350
180	5	57	\N	30200
181	5	12	\N	30470
184	5	18	\N	30180
185	4	4	\N	24900
186	4	3	\N	24040
187	4	42	\N	24020
192	4	55	\N	24400
198	27	23	\N	86900
207	12	44	\N	38300
213	12	6	\N	38900
224	15	16	\N	49000
233	15	32	\N	49600
238	30	53	\N	94500
243	30	2	\N	94910
253	29	6	\N	90570
275	31	18	\N	97540
294	31	23	\N	97780
298	16	57	\N	61600
310	16	49	\N	58260
329	20	3	\N	68020
332	20	30	\N	70900
337	20	47	\N	69800
347	14	46	\N	42300
352	14	58	\N	42500
361	14	13	\N	42090
364	14	14	\N	42730
374	14	49	\N	43860
388	30	7	\N	93600
389	30	57	\N	93600
395	30	5	\N	92860
403	29	53	\N	90300
421	21	34	\N	72140
433	29	44	\N	90800
455	22	23	\N	76030
462	12	22	\N	37980
487	21	12	\N	75755
492	16	12	\N	60680
496	16	24	\N	60250
503	30	43	\N	95222
509	30	15	\N	95250
524	7	46	\N	8100
528	30	23	\N	95700
534	30	1	\N	91700
539	20	41	\N	68420
544	7	44	\N	4200
584	25	39	\N	82180
594	15	37	\N	44690
602	6	38	\N	32659
614	1	34	\N	20000
618	30	18	\N	96710
651	7	5	\N	9300
656	1	48	\N	20909
671	6	3	\N	32500
678	6	57	\N	32020
693	16	16	\N	58190
696	6	56	\N	32652
700	19	2	\N	67100
726	11	49	\N	54700
735	26	53	\N	85000
740	19	54	\N	66221
744	26	10	\N	85219
757	12	54	\N	38010
767	7	44	\N	7290
772	28	17	\N	89800
773	7	38	\N	2200
785	15	30	\N	45100
802	25	34	\N	80200
815	25	54	\N	80200
825	25	49	\N	81460
829	25	14	\N	80349
846	14	16	\N	42186
850	29	53	\N	90300
864	7	52	\N	6550
868	6	41	\N	33700
872	19	22	\N	64010
883	30	44	\N	94995
897	6	30	\N	32881
908	6	22	\N	33131
928	6	1	\N	31890
939	28	50	\N	87500
959	10	59	\N	34100
965	24	58	\N	78380
969	11	13	\N	55076
971	10	7	\N	34770
992	8	53	\N	27993
995	8	13	\N	27800
1021	15	11	\N	44420
1026	15	9	\N	45130
1035	15	33	\N	44190
1040	15	6	\N	44170
1045	15	24	\N	46600
1051	15	33	\N	47750
1062	15	3	\N	48600
1068	15	29	\N	44680
1073	15	38	\N	46540
1081	15	25	\N	47630
1085	15	46	\N	45730
1131	3	22	\N	23000
1139	3	15	\N	23400
1141	3	17	\N	23500
1169	25	50	\N	81490
1170	25	34	\N	81820
1175	25	29	\N	81000
1179	25	9	\N	82000
1182	25	42	\N	82000
1189	25	41	\N	82900
1192	2	54	\N	21230
1198	2	41	\N	21100
1212	26	20	\N	83571
1255	2	40	\N	21380
1262	2	38	\N	21700
1281	19	11	\N	64410
1285	19	20	\N	64000
1289	19	12	\N	66450
1298	19	4	\N	64010
1304	19	26	\N	65800
1309	28	49	\N	88300
1316	28	23	\N	87300
1324	28	50	\N	88370
1327	28	34	\N	88630
1331	28	52	\N	88690
1341	19	54	\N	67100
1346	26	30	\N	85760
1376	6	53	\N	33580
1385	8	27	\N	26200
1391	8	45	\N	25730
1398	8	41	\N	26069
1404	7	58	\N	2350
1408	8	10	\N	25230
1429	24	31	\N	79402
1439	24	37	\N	79610
1451	26	57	\N	83600
1458	28	6	\N	89400
1483	18	32	\N	63700
1485	15	58	\N	48300
1496	18	11	\N	63550
1509	32	4	\N	98000
1511	32	31	\N	98640
1520	32	36	\N	98030
1527	27	36	\N	86100
1533	30	4	\N	96700
1537	7	28	\N	7620
1540	28	55	\N	87020
1554	11	7	\N	53000
1558	7	16	\N	8200
1559	7	49	\N	15510
1576	30	16	\N	91270
1579	21	12	\N	75240
1596	2	58	\N	21400
1599	4	43	\N	24350
1601	2	28	\N	22840
1604	2	6	\N	22830
1628	2	49	\N	22000
1668	7	36	\N	3100
1710	3	46	\N	23940
1714	27	52	\N	86930
1722	11	26	\N	54300
1731	19	24	\N	66850
1736	21	23	\N	72534
1738	16	21	\N	59960
1754	7	9	\N	7915
1756	32	33	\N	98840
1764	25	58	\N	81320
1790	26	40	\N	85600
1804	16	49	\N	59940
1838	3	24	\N	23920
1842	7	54	\N	9430
1852	12	30	\N	38790
1856	5	53	\N	29410
1862	21	11	\N	72060
1870	13	13	\N	40880
1874	24	55	\N	79820
1883	7	34	\N	1060
1884	11	47	\N	54160
1893	19	20	\N	64780
1899	10	18	\N	35570
1905	25	6	\N	81120
1911	19	49	\N	67180
1918	12	46	\N	37600
1925	16	39	\N	59660
1937	7	20	\N	7260
1966	11	14	\N	50000
1975	22	32	\N	76500
1987	19	9	\N	64619
1994	26	40	\N	84330
2001	7	22	\N	9860
2007	32	26	\N	98350
2010	28	38	\N	89490
2014	4	53	\N	24158
2034	27	8	\N	86870
188	4	54	\N	24000
197	4	52	\N	24600
206	12	46	\N	38200
218	30	12	\N	96680
257	30	15	\N	91119
286	31	25	\N	97430
300	16	24	\N	58930
318	16	35	\N	58900
320	16	15	\N	58600
327	20	34	\N	70430
333	20	15	\N	71960
350	14	29	\N	42060
355	29	27	\N	90235
359	14	22	\N	42700
366	11	17	\N	55990
370	14	50	\N	43780
375	14	53	\N	42800
378	14	37	\N	43760
417	21	56	\N	75500
424	21	56	\N	72110
431	21	29	\N	74000
435	21	58	\N	75290
442	21	19	\N	73900
448	22	43	\N	76850
464	22	56	\N	76130
469	20	25	\N	70610
476	5	54	\N	30560
483	21	18	\N	75710
491	16	38	\N	60600
495	16	42	\N	61760
502	30	56	\N	96400
512	7	49	\N	15410
521	20	18	\N	68400
542	30	53	\N	95461
547	12	49	\N	38070
549	27	8	\N	86500
559	27	32	\N	86780
565	27	2	\N	86605
573	27	23	\N	86190
589	16	30	\N	59000
615	1	23	\N	20270
619	15	16	\N	47270
623	30	52	\N	93305
631	8	20	\N	26676
637	30	53	\N	91300
642	6	39	\N	32630
645	6	48	\N	32320
650	6	23	\N	32000
654	6	38	\N	32140
661	6	6	\N	32160
667	6	58	\N	32300
675	6	7	\N	32290
680	11	59	\N	54680
687	7	55	\N	1220
688	19	13	\N	65550
705	28	1	\N	89130
707	31	46	\N	97160
721	14	23	\N	42840
742	26	25	\N	85000
743	30	5	\N	94950
748	26	12	\N	85515
750	26	10	\N	85260
777	24	44	\N	79890
782	27	13	\N	86010
788	24	15	\N	78399
794	12	32	\N	37140
810	11	45	\N	54030
820	25	5	\N	80430
822	28	47	\N	89600
857	6	57	\N	31030
870	19	32	\N	66450
874	6	9	\N	31600
878	6	23	\N	32790
912	13	13	\N	39961
916	6	24	\N	31961
924	28	24	\N	88293
927	30	8	\N	93400
944	28	48	\N	89868
945	6	52	\N	31610
964	32	37	\N	99260
972	10	19	\N	34700
981	8	44	\N	27000
986	10	15	\N	35150
990	10	15	\N	35200
1001	8	21	\N	27000
1005	8	39	\N	27000
1007	8	48	\N	27230
1029	15	9	\N	44100
1032	15	57	\N	44650
1037	15	47	\N	44650
1053	15	40	\N	47930
1064	15	49	\N	47910
1065	15	36	\N	48850
1071	15	28	\N	45950
1082	15	29	\N	46430
1094	26	42	\N	85510
1101	26	24	\N	83150
1107	16	7	\N	58544
1115	12	26	\N	38980
1117	12	52	\N	36900
1122	16	51	\N	58550
1127	12	9	\N	38400
1128	16	43	\N	59250
1149	12	9	\N	37320
1153	15	7	\N	47470
1167	25	30	\N	81310
1174	25	44	\N	81000
1197	2	19	\N	21600
1201	2	5	\N	21140
1207	2	10	\N	21202
1214	2	13	\N	21330
1225	2	13	\N	21620
1236	2	19	\N	21250
1242	26	54	\N	83448
1249	2	1	\N	21700
1254	2	55	\N	21960
1263	2	2	\N	21800
1264	2	7	\N	21800
1275	28	2	\N	88300
1276	19	40	\N	67050
1284	19	48	\N	64000
1303	19	28	\N	64700
1306	19	9	\N	66600
1315	19	17	\N	67700
1320	25	28	\N	82300
1334	28	42	\N	88960
1337	28	59	\N	88440
1342	26	13	\N	85800
1344	26	30	\N	85800
1357	26	54	\N	84000
1368	6	28	\N	33800
1373	6	6	\N	33180
1377	6	18	\N	33650
1397	8	24	\N	26000
1411	8	26	\N	25030
1413	19	28	\N	67855
1419	24	42	\N	79610
1448	26	9	\N	83900
1468	28	32	\N	89600
1484	18	12	\N	63940
1487	18	49	\N	63600
1499	2	55	\N	22350
1510	32	49	\N	98000
1536	26	44	\N	83550
1545	11	44	\N	53150
1548	7	36	\N	15024
1569	19	23	\N	64640
1573	25	59	\N	81280
1587	15	48	\N	44100
1591	25	49	\N	80491
1612	2	4	\N	22795
1620	2	51	\N	22300
1622	2	49	\N	22000
1632	2	6	\N	22180
1634	2	30	\N	22106
1655	24	16	\N	78049
1660	7	20	\N	15510
1662	21	17	\N	72760
1667	30	15	\N	96069
1684	15	21	\N	44900
1687	7	26	\N	15000
1690	24	8	\N	78500
1692	30	26	\N	92350
1703	19	41	\N	67500
1707	11	36	\N	54180
1720	11	57	\N	53140
1726	3	19	\N	23400
1748	7	32	\N	2020
1749	31	15	\N	97000
1755	6	40	\N	31160
1771	26	25	\N	85506
1774	30	10	\N	96499
1779	20	32	\N	68310
1780	25	57	\N	81660
1785	7	33	\N	7360
1788	6	20	\N	31884
1796	7	52	\N	9300
1808	24	40	\N	79040
1815	19	7	\N	65070
1819	20	22	\N	71250
1831	11	57	\N	54700
1839	23	11	\N	77870
1848	16	54	\N	61500
1855	15	50	\N	49340
1873	6	43	\N	31691
189	5	43	\N	29180
203	12	25	\N	38000
219	30	43	\N	96400
222	30	50	\N	93770
231	15	54	\N	49870
270	31	34	\N	97150
281	31	22	\N	97000
287	31	5	\N	97751
292	31	17	\N	97477
305	16	15	\N	58840
309	16	51	\N	58000
316	16	44	\N	58980
325	20	53	\N	70900
331	20	28	\N	71510
339	20	20	\N	71200
362	14	28	\N	42000
376	14	26	\N	42800
392	30	41	\N	93620
411	29	40	\N	90500
418	29	52	\N	90796
470	20	5	\N	70630
477	12	4	\N	37000
484	21	59	\N	75950
493	16	54	\N	61760
501	16	57	\N	60080
504	30	59	\N	95830
510	28	18	\N	89130
517	31	10	\N	97150
522	20	50	\N	68400
530	30	10	\N	94690
555	27	46	\N	86751
560	27	32	\N	86700
563	5	42	\N	29960
587	16	29	\N	59000
612	1	46	\N	20270
626	19	16	\N	64290
634	30	3	\N	94500
658	28	13	\N	87089
669	26	37	\N	85800
673	6	21	\N	32330
692	6	57	\N	31710
697	8	25	\N	27000
704	6	47	\N	31700
714	22	29	\N	76802
723	2	7	\N	21190
728	15	34	\N	47000
736	8	51	\N	25070
737	26	37	\N	85000
749	16	29	\N	58190
754	28	40	\N	88295
755	24	36	\N	79000
770	28	56	\N	89800
776	8	42	\N	27000
805	21	3	\N	72700
809	25	20	\N	80160
818	6	27	\N	31109
821	14	44	\N	43810
826	15	20	\N	44940
827	25	31	\N	81400
832	25	52	\N	80800
834	28	6	\N	88000
844	8	10	\N	25000
855	6	28	\N	31350
877	6	5	\N	33131
880	19	50	\N	64590
887	6	30	\N	33000
892	7	37	\N	2200
895	32	59	\N	99000
918	28	10	\N	88190
922	6	48	\N	31967
949	31	12	\N	97315
953	10	1	\N	35810
989	10	41	\N	35110
1009	15	16	\N	44100
1038	15	14	\N	44440
1048	15	6	\N	47180
1058	15	36	\N	45740
1061	15	18	\N	45800
1076	15	46	\N	49300
1078	15	19	\N	48540
1091	26	12	\N	85400
1108	16	22	\N	58500
1109	12	2	\N	36560
1118	12	29	\N	36200
1126	12	57	\N	38400
1130	3	53	\N	23000
1137	2	1	\N	21250
1144	12	10	\N	37340
1148	12	51	\N	37370
1154	12	45	\N	36470
1162	25	30	\N	81200
1164	25	57	\N	81200
1172	25	32	\N	81000
1184	25	52	\N	82000
1190	25	36	\N	82200
1206	2	28	\N	21210
1219	2	1	\N	21370
1226	2	27	\N	21150
1229	2	1	\N	21290
1243	26	27	\N	83460
1247	2	39	\N	21700
1269	2	37	\N	21360
1272	19	32	\N	65550
1297	19	50	\N	64000
1307	19	34	\N	65900
1318	28	45	\N	87350
1328	28	36	\N	88501
1332	28	51	\N	88730
1345	26	3	\N	85830
1349	26	51	\N	85280
1367	6	13	\N	33800
1374	6	42	\N	33980
1381	8	17	\N	26530
1382	8	38	\N	26370
1389	8	47	\N	25700
1414	8	44	\N	25350
1460	28	46	\N	89120
1464	28	36	\N	89177
1471	14	20	\N	43000
1479	18	36	\N	63900
1491	18	10	\N	63440
1498	2	23	\N	22358
1504	2	37	\N	22169
1516	32	46	\N	99300
1526	1	58	\N	20250
1538	32	40	\N	99750
1543	4	33	\N	24640
1586	16	53	\N	58821
1589	7	12	\N	9070
1594	20	17	\N	71000
1614	2	53	\N	22400
1617	2	52	\N	22420
1659	2	55	\N	22830
1663	30	35	\N	96590
1673	4	23	\N	24030
1678	26	34	\N	84560
1680	26	26	\N	84340
1685	16	18	\N	60500
1693	26	30	\N	84500
1697	7	13	\N	3620
1702	1	38	\N	20260
1719	7	11	\N	9510
1725	26	10	\N	84620
1735	15	15	\N	45110
1737	7	30	\N	8500
1743	19	35	\N	67050
1750	5	48	\N	30200
1778	19	30	\N	64890
1784	7	45	\N	9360
1801	21	10	\N	73310
1807	30	41	\N	91190
1810	15	38	\N	48800
1811	32	34	\N	99400
1821	1	13	\N	20427
1827	15	23	\N	45010
1878	10	9	\N	35860
1895	11	43	\N	56370
1900	20	9	\N	70212
1914	27	58	\N	86950
1915	21	1	\N	72530
1932	12	53	\N	38600
1947	28	48	\N	87300
1953	6	22	\N	31160
1961	24	22	\N	78900
1968	15	58	\N	45140
1972	29	40	\N	90860
1977	10	2	\N	34170
2018	7	59	\N	9890
2020	12	58	\N	36527
2028	28	28	\N	89620
2039	26	3	\N	85830
2051	8	43	\N	26010
2064	5	13	\N	29078
2067	30	20	\N	94950
2091	5	42	\N	30850
2112	19	39	\N	66200
2121	12	2	\N	36740
2128	21	54	\N	75540
2142	8	45	\N	27440
2147	8	48	\N	25740
2150	30	48	\N	93600
2199	15	8	\N	45150
2213	21	53	\N	73800
2222	6	12	\N	33000
2224	12	40	\N	37110
190	4	34	\N	24010
195	23	40	\N	77600
202	12	24	\N	38070
217	12	25	\N	38940
227	9	58	\N	28000
247	30	17	\N	94908
250	30	43	\N	91000
266	15	51	\N	48970
278	31	31	\N	97000
290	31	27	\N	97700
297	16	16	\N	58230
303	16	19	\N	61830
323	15	29	\N	49600
326	20	24	\N	70800
340	30	15	\N	94340
363	14	59	\N	42080
380	14	26	\N	43612
387	21	56	\N	73090
419	29	57	\N	90160
425	21	8	\N	72000
428	21	4	\N	72320
447	14	11	\N	43740
459	22	2	\N	76000
468	20	24	\N	70102
478	5	13	\N	30700
482	21	3	\N	75700
499	16	34	\N	60110
506	30	34	\N	93320
511	27	10	\N	86000
513	7	1	\N	7700
518	30	40	\N	95101
519	5	53	\N	30700
562	24	13	\N	79097
570	10	27	\N	34240
576	28	29	\N	89130
593	16	22	\N	59200
603	16	50	\N	59600
606	1	4	\N	20280
616	22	50	\N	76050
621	30	38	\N	91300
625	19	2	\N	64510
629	15	38	\N	47540
633	15	46	\N	47200
653	21	32	\N	75790
702	6	53	\N	31700
720	8	54	\N	27010
731	26	40	\N	85130
756	24	16	\N	79000
769	7	32	\N	9760
780	8	35	\N	25600
787	15	14	\N	44700
793	28	36	\N	87600
806	28	16	\N	88500
816	26	58	\N	84147
849	6	27	\N	31943
856	6	32	\N	31000
862	6	4	\N	31000
869	2	58	\N	21460
873	6	35	\N	31680
884	6	17	\N	31500
893	30	25	\N	94450
902	28	13	\N	89600
936	30	36	\N	91645
938	28	5	\N	89600
970	15	11	\N	45410
977	10	56	\N	35000
985	10	34	\N	35078
993	10	48	\N	34740
998	8	52	\N	27000
1008	15	8	\N	44200
1017	15	17	\N	44150
1018	15	35	\N	44200
1020	15	33	\N	44380
1027	15	6	\N	44100
1036	15	53	\N	45030
1039	15	22	\N	44840
1046	15	35	\N	46600
1052	15	18	\N	48900
1067	15	53	\N	46470
1075	15	52	\N	49300
1092	26	20	\N	85330
1110	12	52	\N	36544
1133	3	52	\N	23060
1135	3	10	\N	23410
1150	12	42	\N	37390
1155	12	4	\N	36300
1161	25	38	\N	81200
1180	25	51	\N	82000
1186	25	43	\N	82400
1191	2	24	\N	21010
1194	2	59	\N	21100
1203	2	19	\N	21210
1204	2	20	\N	21030
1210	26	7	\N	83420
1215	2	45	\N	21140
1218	2	25	\N	22100
1250	2	16	\N	21130
1257	2	46	\N	21330
1258	2	18	\N	21600
1271	19	54	\N	64580
1278	28	8	\N	87300
1287	19	38	\N	65350
1290	19	58	\N	64700
1299	19	17	\N	64000
1301	19	1	\N	66220
1313	19	59	\N	67400
1323	19	7	\N	67530
1329	28	48	\N	88660
1356	26	47	\N	84000
1370	6	46	\N	33920
1379	8	23	\N	26700
1384	8	53	\N	26200
1392	8	23	\N	25700
1396	8	24	\N	26350
1403	8	30	\N	26450
1417	24	11	\N	78437
1418	24	19	\N	78570
1434	24	8	\N	78700
1440	24	27	\N	78600
1442	24	44	\N	78116
1447	26	8	\N	84600
1449	26	38	\N	83600
1455	26	6	\N	83550
1467	28	45	\N	89430
1482	18	55	\N	63700
1493	18	52	\N	63200
1514	32	10	\N	99000
1517	32	29	\N	98300
1541	26	56	\N	84620
1563	5	14	\N	29960
1582	15	54	\N	45200
1585	16	7	\N	60950
1600	30	6	\N	93290
1607	2	7	\N	22790
1613	2	41	\N	22940
1618	2	47	\N	22450
1624	2	39	\N	22710
1626	26	20	\N	83340
1630	2	57	\N	22000
1636	2	31	\N	22100
1639	7	28	\N	5110
1641	2	38	\N	22645
1643	2	2	\N	22000
1645	2	28	\N	22000
1653	7	33	\N	4310
1657	5	38	\N	30700
1664	15	8	\N	45430
1682	7	25	\N	9440
1694	31	3	\N	97320
1701	7	59	\N	3300
1712	15	11	\N	48760
1742	6	47	\N	33880
1760	6	32	\N	33150
1761	7	14	\N	1020
1767	11	28	\N	56530
1768	23	2	\N	77580
1773	5	32	\N	30160
1775	5	14	\N	30520
1783	7	31	\N	15740
1789	12	21	\N	36990
1794	16	18	\N	58544
1805	24	27	\N	79800
1828	30	31	\N	96150
1830	25	9	\N	80370
1841	10	9	\N	35600
1858	11	37	\N	57100
1864	15	36	\N	45400
1896	32	51	\N	98730
1956	14	26	\N	42970
1980	15	13	\N	44750
2002	7	43	\N	7279
2009	19	41	\N	66410
2057	6	51	\N	32260
2065	11	36	\N	55010
2069	7	18	\N	7070
2072	30	26	\N	95000
2092	7	10	\N	6450
2106	26	38	\N	85600
2111	21	59	\N	74184
2115	11	52	\N	57620
2122	14	28	\N	42440
2127	7	30	\N	10810
2139	19	50	\N	66232
2153	31	40	\N	97259
2156	18	27	\N	63197
191	4	10	\N	24120
209	12	37	\N	38240
212	16	58	\N	61250
226	9	47	\N	28000
228	9	20	\N	28000
249	21	25	\N	73996
273	31	3	\N	97500
296	16	16	\N	58020
302	16	5	\N	61830
306	16	52	\N	61100
308	16	11	\N	58000
335	20	42	\N	69500
342	30	37	\N	94720
343	30	12	\N	94300
358	14	20	\N	43740
365	14	15	\N	42840
372	14	42	\N	43970
381	14	58	\N	43200
386	21	53	\N	73160
393	30	59	\N	92560
397	21	36	\N	75110
405	21	57	\N	74290
409	21	17	\N	74325
427	21	58	\N	72160
452	12	25	\N	38590
471	20	40	\N	70760
520	30	40	\N	95280
532	30	7	\N	91700
552	12	38	\N	37270
556	27	3	\N	86750
597	11	6	\N	54135
599	12	6	\N	38001
607	6	4	\N	31390
613	1	35	\N	20137
620	32	37	\N	99600
628	11	30	\N	54180
639	21	35	\N	75770
652	6	52	\N	32010
655	6	48	\N	32250
662	6	33	\N	32317
668	23	46	\N	77500
677	6	46	\N	32250
694	28	5	\N	89600
708	11	14	\N	55900
716	6	13	\N	32690
724	28	57	\N	88000
727	26	29	\N	85000
741	28	50	\N	88000
745	12	30	\N	38080
753	11	55	\N	54980
765	24	49	\N	79960
781	19	32	\N	66000
790	31	57	\N	97000
795	28	50	\N	88298
811	25	31	\N	80200
831	29	22	\N	90434
835	25	15	\N	80370
843	28	36	\N	88000
854	30	19	\N	91500
863	6	37	\N	31050
866	29	19	\N	90459
891	6	11	\N	33000
894	6	56	\N	33000
899	11	27	\N	53500
923	28	7	\N	88000
930	9	49	\N	28200
933	30	10	\N	91960
943	19	44	\N	67483
947	28	47	\N	89603
956	10	50	\N	34621
958	10	55	\N	34240
975	10	59	\N	34420
978	10	42	\N	35000
994	10	17	\N	35000
1012	15	20	\N	44100
1025	15	59	\N	44730
1042	15	43	\N	45700
1049	15	48	\N	47180
1087	15	21	\N	45150
1093	26	27	\N	85300
1114	16	37	\N	59300
1129	3	28	\N	23000
1140	3	32	\N	23920
1146	12	8	\N	37480
1151	12	58	\N	37000
1177	25	33	\N	81900
1183	25	23	\N	82190
1188	25	1	\N	82800
1200	2	11	\N	21120
1208	2	33	\N	21100
1213	2	17	\N	21130
1221	2	49	\N	21850
1223	26	26	\N	83450
1245	2	55	\N	21101
1248	2	19	\N	21903
1270	19	59	\N	64060
1283	19	54	\N	64000
1295	19	5	\N	64530
1310	28	41	\N	87510
1314	19	17	\N	65601
1321	28	8	\N	87370
1336	28	33	\N	88900
1338	19	18	\N	66100
1352	26	43	\N	85900
1355	26	57	\N	84000
1364	26	34	\N	84340
1369	6	50	\N	33980
1406	8	13	\N	25000
1412	8	41	\N	25000
1421	24	47	\N	78350
1435	24	28	\N	78700
1438	32	58	\N	98840
1446	26	30	\N	84600
1452	26	9	\N	84160
1457	30	7	\N	92501
1463	28	54	\N	89002
1470	28	37	\N	89600
1474	30	49	\N	92101
1486	15	51	\N	48350
1507	2	29	\N	21400
1515	32	57	\N	99039
1518	32	27	\N	98330
1530	5	21	\N	30700
1567	19	51	\N	66449
1584	29	46	\N	90440
1602	2	11	\N	22840
1605	2	10	\N	22890
1609	2	56	\N	22800
1638	19	59	\N	66480
1640	2	55	\N	22450
1644	2	1	\N	22400
1651	30	3	\N	92750
1686	7	46	\N	9110
1696	19	4	\N	66600
1700	10	36	\N	35850
1705	3	37	\N	23570
1706	30	6	\N	95225
1713	21	37	\N	72530
1723	20	45	\N	71238
1733	28	29	\N	87690
1741	24	59	\N	78399
1744	11	39	\N	54020
1753	6	45	\N	33200
1757	11	30	\N	54050
1766	7	4	\N	4450
1770	12	27	\N	38420
1782	15	10	\N	49500
1793	11	37	\N	57710
1798	16	2	\N	61850
1803	15	28	\N	44700
1806	28	1	\N	89090
1816	15	8	\N	44290
1820	15	14	\N	47380
1826	12	31	\N	37329
1832	11	42	\N	56238
1846	23	32	\N	77400
1851	30	22	\N	91477
1885	21	57	\N	72760
1887	7	8	\N	7830
1897	15	59	\N	44530
1916	8	30	\N	26090
1926	18	23	\N	63050
1930	7	49	\N	11410
1936	8	36	\N	25090
1960	21	35	\N	72140
1970	11	1	\N	55600
1985	31	20	\N	97000
1990	27	33	\N	86400
1999	2	8	\N	22450
2006	27	22	\N	86100
2008	28	6	\N	88803
2017	7	38	\N	14630
2037	16	13	\N	60460
2046	26	27	\N	83200
2066	10	51	\N	35070
2073	20	16	\N	70680
2080	7	23	\N	4370
2083	15	17	\N	48525
2098	28	31	\N	89570
2103	19	39	\N	67140
2108	32	34	\N	98600
2114	19	5	\N	66055
2118	11	29	\N	56240
2130	27	57	\N	86500
2135	11	19	\N	55010
193	23	10	\N	77000
204	12	51	\N	38040
214	12	33	\N	38900
220	30	49	\N	96980
875	1	50	\N	20671
232	15	28	\N	49700
241	30	47	\N	94550
246	30	54	\N	94100
248	30	36	\N	94965
254	30	22	\N	91000
259	21	4	\N	73780
268	15	55	\N	45400
293	31	55	\N	97390
304	16	52	\N	58400
312	16	29	\N	58100
317	16	12	\N	58420
322	20	18	\N	71500
346	14	15	\N	42500
351	14	59	\N	42330
354	14	15	\N	43300
369	14	15	\N	43850
377	14	18	\N	43600
384	30	15	\N	93180
400	21	5	\N	72980
402	29	47	\N	90300
407	29	9	\N	90560
413	21	4	\N	74400
426	21	49	\N	72000
430	21	36	\N	74000
438	21	1	\N	75200
439	21	6	\N	73930
444	21	16	\N	73680
456	11	53	\N	54200
463	22	58	\N	76800
473	5	18	\N	30600
479	21	55	\N	75910
489	11	24	\N	51350
498	16	41	\N	60080
515	7	36	\N	15390
531	30	15	\N	94240
537	30	15	\N	91700
548	27	14	\N	86550
553	27	25	\N	86300
554	12	41	\N	36500
572	27	40	\N	86030
577	21	29	\N	72050
610	1	58	\N	20230
617	1	50	\N	20126
630	15	21	\N	45400
635	15	17	\N	47200
643	6	39	\N	32160
649	19	3	\N	66000
657	6	55	\N	32230
664	6	22	\N	32160
670	31	48	\N	97260
683	14	42	\N	42800
686	26	26	\N	84600
689	6	5	\N	32330
706	6	5	\N	31700
711	6	3	\N	31700
712	30	36	\N	94906
717	6	13	\N	32800
719	6	27	\N	32540
758	30	30	\N	92730
775	10	42	\N	35078
796	31	27	\N	97200
799	25	29	\N	80330
804	25	14	\N	80200
836	23	57	\N	77500
841	16	43	\N	58200
906	15	55	\N	45180
934	6	23	\N	31640
942	8	10	\N	27470
948	10	17	\N	34000
955	30	38	\N	91697
957	28	26	\N	88850
974	10	17	\N	34600
976	10	22	\N	34480
984	10	57	\N	35155
999	8	33	\N	27000
1003	8	33	\N	27000
1015	15	44	\N	44390
1022	15	42	\N	44430
1030	15	53	\N	44420
1033	15	16	\N	44940
1044	15	17	\N	45380
1055	15	36	\N	48740
1074	15	26	\N	47140
1077	15	31	\N	45300
1088	15	10	\N	45430
1098	26	10	\N	83190
1102	26	18	\N	83290
1105	26	19	\N	84900
1111	16	58	\N	59370
1125	12	1	\N	38800
1132	3	50	\N	23000
1136	3	15	\N	23880
1142	3	33	\N	23700
1158	25	57	\N	81141
1163	25	40	\N	81223
1165	25	11	\N	81200
1171	25	34	\N	81980
1178	25	21	\N	81130
1196	2	18	\N	21040
1233	2	15	\N	21720
1235	2	5	\N	21240
1253	26	4	\N	83400
1259	2	43	\N	21960
1273	19	56	\N	65030
1280	19	59	\N	67500
1286	19	27	\N	65200
1296	19	48	\N	64590
1330	28	49	\N	88660
1335	28	44	\N	88900
1347	26	21	\N	85281
1354	26	11	\N	84000
1366	6	27	\N	33890
1402	8	55	\N	26600
1410	8	58	\N	25000
1422	24	41	\N	78160
1425	24	41	\N	78300
1432	12	22	\N	37800
1436	24	33	\N	78700
1443	24	19	\N	78430
1450	26	45	\N	83600
1454	26	29	\N	83960
1459	30	55	\N	92300
1461	28	40	\N	89000
1472	30	50	\N	92080
1473	30	17	\N	93996
1478	18	23	\N	63400
1480	18	16	\N	63730
1489	18	40	\N	63330
1495	18	44	\N	63550
1502	2	50	\N	22300
1531	28	41	\N	88600
1546	7	5	\N	4120
1551	7	10	\N	4370
1571	21	22	\N	72550
1580	16	52	\N	58680
1593	11	29	\N	56020
1633	27	6	\N	86500
1635	2	44	\N	22420
1649	7	27	\N	2300
1654	21	53	\N	72400
1656	15	22	\N	45190
1661	15	18	\N	45500
1672	7	10	\N	9080
1674	8	12	\N	25280
1679	7	36	\N	6400
1698	26	41	\N	83340
1708	7	36	\N	10200
1724	28	9	\N	89470
1746	32	43	\N	99720
1765	21	52	\N	72030
1776	25	13	\N	80440
1795	15	6	\N	49540
1800	11	30	\N	54020
1812	20	44	\N	68100
1817	4	42	\N	24300
1835	16	2	\N	60950
1840	16	9	\N	59180
1871	16	16	\N	58480
1875	14	20	\N	43100
1890	6	38	\N	32780
1898	4	13	\N	24800
1907	30	58	\N	95641
1922	15	15	\N	45160
1950	10	22	\N	35760
1954	27	1	\N	86850
1962	18	4	\N	63630
1974	11	51	\N	54763
1976	7	26	\N	7730
1981	11	36	\N	52950
1982	15	8	\N	44810
1992	22	35	\N	76060
1995	12	20	\N	37980
2000	15	39	\N	47300
2003	7	39	\N	14000
2012	32	19	\N	99570
2024	23	46	\N	77000
2029	25	58	\N	81600
2033	31	18	\N	97248
2041	19	18	\N	66420
2042	11	34	\N	56208
194	23	55	\N	77000
201	12	28	\N	38160
229	9	6	\N	28000
235	20	41	\N	68420
239	30	22	\N	94140
242	20	10	\N	68410
251	11	51	\N	53230
260	21	34	\N	75020
269	31	16	\N	97148
271	31	22	\N	97000
276	31	49	\N	97370
280	31	33	\N	97000
283	31	14	\N	97137
289	31	26	\N	97860
307	16	39	\N	61100
315	16	4	\N	61600
330	20	48	\N	68030
334	20	27	\N	69510
341	30	16	\N	94300
345	30	25	\N	94730
349	14	13	\N	42700
357	14	50	\N	42111
360	14	41	\N	42040
367	14	19	\N	42330
371	14	20	\N	42660
379	14	37	\N	43600
390	30	58	\N	93820
398	21	51	\N	72980
406	21	59	\N	74240
408	21	8	\N	73982
412	21	57	\N	74160
414	21	43	\N	74400
422	21	23	\N	72420
432	21	51	\N	74000
436	21	35	\N	75480
440	30	35	\N	93650
450	22	57	\N	76160
451	22	11	\N	76500
460	22	27	\N	76050
465	22	33	\N	76650
475	5	58	\N	30870
480	21	40	\N	75750
488	11	32	\N	50000
505	30	54	\N	91040
507	30	24	\N	91000
525	7	52	\N	1150
526	30	55	\N	95730
546	11	36	\N	56100
550	7	49	\N	7320
564	4	8	\N	24200
579	7	29	\N	1130
581	16	29	\N	59800
583	16	7	\N	59510
588	2	42	\N	22540
592	16	45	\N	59160
598	16	37	\N	59600
608	15	47	\N	45559
636	22	26	\N	76120
641	6	35	\N	32300
644	6	42	\N	32380
660	19	27	\N	65500
666	6	56	\N	32690
674	25	44	\N	82010
679	8	31	\N	25790
691	11	1	\N	55348
699	6	40	\N	32740
701	15	18	\N	45580
718	5	39	\N	30470
734	19	41	\N	65550
738	1	9	\N	20290
752	26	7	\N	85130
759	12	26	\N	36100
761	24	56	\N	79000
766	7	53	\N	7420
768	21	46	\N	74080
778	9	38	\N	28260
779	6	2	\N	32589
784	28	5	\N	87120
786	28	56	\N	87020
791	8	33	\N	26530
798	28	8	\N	89860
797	28	44	\N	87360
803	1	7	\N	20358
808	14	14	\N	42020
812	26	23	\N	85140
819	28	58	\N	88560
823	25	49	\N	81430
837	27	1	\N	86000
867	6	4	\N	33700
885	30	46	\N	93369
889	19	47	\N	66100
905	30	54	\N	94780
911	11	2	\N	55885
915	30	54	\N	96070
931	28	25	\N	88000
932	6	6	\N	33210
937	19	38	\N	67250
940	6	33	\N	33620
952	8	11	\N	27069
966	19	22	\N	64008
982	10	56	\N	35230
1006	8	55	\N	27000
1011	15	21	\N	44100
1014	15	5	\N	44860
1019	15	12	\N	45190
1031	15	26	\N	44420
1041	15	31	\N	45010
1050	15	10	\N	47750
1056	15	16	\N	48740
1063	15	57	\N	47910
1066	15	24	\N	45020
1079	15	43	\N	49250
1089	26	54	\N	85400
1099	26	28	\N	83000
1106	12	22	\N	36500
1112	16	48	\N	59300
1116	12	54	\N	36900
1145	12	19	\N	37270
1195	2	2	\N	21100
1205	2	16	\N	21360
1217	2	52	\N	21090
1228	21	28	\N	75878
1230	2	21	\N	21120
1234	2	18	\N	21200
1239	26	47	\N	83449
1244	2	2	\N	21900
1246	2	34	\N	21720
1251	2	15	\N	21120
1252	2	16	\N	21030
1260	2	44	\N	21840
1265	2	51	\N	21280
1277	19	43	\N	67700
1288	19	33	\N	64000
1293	19	6	\N	66240
1294	19	8	\N	64000
1308	28	16	\N	88440
1322	28	12	\N	87390
1325	28	10	\N	88240
1339	19	49	\N	66350
1353	26	22	\N	85294
1358	26	19	\N	84000
1371	6	49	\N	33560
1380	8	54	\N	26700
1386	8	14	\N	27640
1394	8	36	\N	26350
1409	8	42	\N	25000
1416	8	9	\N	25900
1420	24	22	\N	78280
1427	24	3	\N	78210
1430	12	6	\N	37600
1456	28	47	\N	89000
1469	24	37	\N	79170
1476	18	16	\N	63130
1494	18	30	\N	63200
1500	2	51	\N	22709
1519	32	52	\N	98350
1528	31	32	\N	97000
1534	26	36	\N	83550
1542	26	14	\N	83345
1564	6	56	\N	32380
1574	26	15	\N	83130
1581	22	13	\N	76290
1588	11	18	\N	54080
1616	2	59	\N	22437
1677	7	4	\N	15460
1681	7	19	\N	9700
1699	15	29	\N	45560
1728	15	31	\N	44910
1732	12	20	\N	36890
1759	24	31	\N	79840
1781	28	9	\N	89950
1786	11	39	\N	55770
1802	30	57	\N	91870
1818	30	18	\N	91697
1823	12	45	\N	37700
1829	30	9	\N	92495
1834	5	14	\N	30400
1836	24	6	\N	79380
1843	2	26	\N	22960
1853	16	40	\N	58089
1868	12	9	\N	38010
1879	10	9	\N	34208
1910	30	44	\N	94290
1919	14	34	\N	42900
1923	16	17	\N	61820
196	4	43	\N	24350
208	12	35	\N	38470
211	16	2	\N	61250
240	30	52	\N	94500
256	30	15	\N	91000
261	21	39	\N	75160
267	9	11	\N	28200
272	31	48	\N	97320
282	31	6	\N	97170
284	31	35	\N	97000
295	30	26	\N	96641
319	16	43	\N	58784
324	20	28	\N	68000
328	20	40	\N	68000
344	30	21	\N	94450
353	14	29	\N	43410
368	14	59	\N	43590
373	14	7	\N	43880
382	30	59	\N	92770
383	30	39	\N	93585
401	29	25	\N	90300
410	21	57	\N	73300
416	29	48	\N	90710
441	29	17	\N	90000
445	29	58	\N	90740
453	21	8	\N	72700
458	22	40	\N	76000
467	20	38	\N	70000
486	21	15	\N	75730
500	16	33	\N	60030
516	30	24	\N	95300
523	5	20	\N	29000
527	7	3	\N	1150
535	30	43	\N	95424
536	30	54	\N	91700
541	20	21	\N	68423
568	27	14	\N	86800
569	27	19	\N	86100
575	27	4	\N	86040
580	28	14	\N	87099
582	24	29	\N	79090
586	16	55	\N	58760
590	16	20	\N	59750
596	16	57	\N	59550
600	16	33	\N	59600
604	7	47	\N	7700
622	27	3	\N	86700
627	24	43	\N	78700
632	1	53	\N	20400
646	6	36	\N	32650
648	6	35	\N	32610
663	30	59	\N	94735
672	30	26	\N	94470
682	11	16	\N	50295
695	19	49	\N	66050
733	26	26	\N	85000
746	12	49	\N	36631
764	19	57	\N	64440
783	28	18	\N	88000
807	25	28	\N	80030
814	28	10	\N	88000
824	8	28	\N	25120
828	20	47	\N	70000
833	15	10	\N	45618
838	25	57	\N	80900
840	28	50	\N	89610
851	12	11	\N	36100
861	30	16	\N	94580
865	21	17	\N	74695
871	19	47	\N	67150
879	6	40	\N	31500
881	28	19	\N	88295
888	23	8	\N	77517
896	19	11	\N	66052
903	13	52	\N	40517
909	6	12	\N	33131
917	22	38	\N	76079
920	6	9	\N	31964
925	6	41	\N	32881
929	28	22	\N	89280
941	6	25	\N	31980
946	15	59	\N	44200
962	10	50	\N	34450
963	6	38	\N	32690
968	10	46	\N	34606
979	8	20	\N	27980
987	8	24	\N	27454
988	8	58	\N	27900
996	10	8	\N	35290
1000	8	21	\N	27140
1043	15	30	\N	46730
1072	15	40	\N	45450
1080	15	10	\N	47600
1086	15	4	\N	45750
1103	26	40	\N	83180
1113	16	4	\N	59300
1121	12	56	\N	36770
1138	3	21	\N	23900
1152	15	52	\N	47400
1157	15	11	\N	47040
1159	25	34	\N	81259
1166	25	19	\N	81110
1193	2	9	\N	21100
1209	2	28	\N	21120
1211	26	26	\N	83570
1220	2	28	\N	21270
1227	2	43	\N	21100
1231	2	22	\N	21800
1238	2	22	\N	22120
1241	26	26	\N	83400
1256	2	44	\N	21260
1261	2	53	\N	21705
1268	26	13	\N	83448
1300	19	33	\N	66220
1312	19	42	\N	67300
1317	28	14	\N	87350
1340	19	57	\N	67100
1351	26	21	\N	85900
1360	26	18	\N	84200
1361	26	59	\N	84620
1363	26	20	\N	84180
1375	10	43	\N	35381
1383	8	45	\N	25870
1399	8	8	\N	26040
1401	8	13	\N	25600
1428	24	17	\N	78520
1441	12	30	\N	37850
1445	26	3	\N	84600
1462	28	26	\N	89140
1477	18	51	\N	63400
1490	18	32	\N	63300
1492	18	15	\N	63440
1497	18	19	\N	63710
1503	2	55	\N	22000
1506	2	15	\N	22800
1521	32	41	\N	98400
1529	27	10	\N	86410
1535	30	9	\N	95400
1762	31	58	\N	97127
1547	7	4	\N	9830
1552	7	1	\N	7830
1553	7	43	\N	8810
1555	7	19	\N	8400
1562	8	54	\N	27000
1566	19	40	\N	64460
1578	7	56	\N	11850
1583	30	57	\N	91919
1627	2	59	\N	22200
1629	2	42	\N	22120
1646	2	37	\N	22150
1647	2	2	\N	22455
1652	28	22	\N	87070
1665	6	28	\N	33700
1670	5	43	\N	29770
1675	28	53	\N	88500
1709	7	6	\N	11500
1716	5	21	\N	30310
1727	30	39	\N	93550
1730	12	50	\N	37760
1752	12	34	\N	36760
1758	15	53	\N	44730
1777	30	14	\N	95600
1814	20	23	\N	70380
1845	31	42	\N	97880
1847	7	5	\N	16090
1850	20	49	\N	70312
1854	32	14	\N	98840
1861	5	39	\N	30140
1867	1	10	\N	20300
1881	26	35	\N	83180
1889	25	55	\N	81245
1891	21	37	\N	74690
1901	23	36	\N	77500
1903	11	9	\N	54080
1908	12	13	\N	36559
1909	32	39	\N	99730
1924	30	45	\N	96330
1931	28	28	\N	88260
1934	15	1	\N	44955
1944	23	8	\N	77580
1946	7	4	\N	1430
1951	15	51	\N	44260
1952	12	51	\N	38090
1969	19	32	\N	64320
1971	26	43	\N	83000
200	12	57	\N	38670
205	12	26	\N	38050
210	16	28	\N	61250
221	30	35	\N	96400
223	15	3	\N	49000
234	15	18	\N	49600
236	30	21	\N	94500
244	30	45	\N	94470
255	30	33	\N	91100
258	21	45	\N	73780
263	30	22	\N	91275
265	9	50	\N	28300
277	31	54	\N	97800
285	31	41	\N	97259
311	16	29	\N	58000
313	16	45	\N	58000
336	20	46	\N	70400
338	20	25	\N	70480
348	14	14	\N	42300
394	30	11	\N	92901
396	21	2	\N	73080
415	29	28	\N	90280
429	21	31	\N	74900
437	21	26	\N	75200
443	29	17	\N	90250
449	22	17	\N	76270
454	22	39	\N	76800
457	22	44	\N	76000
466	20	53	\N	70110
474	5	33	\N	30640
485	21	23	\N	75807
497	16	46	\N	60540
533	21	36	\N	75700
538	30	49	\N	91918
545	20	32	\N	68380
551	27	24	\N	86350
557	28	55	\N	88660
566	7	2	\N	7700
571	28	23	\N	87090
578	16	15	\N	60300
601	16	11	\N	59750
609	7	18	\N	1140
611	7	7	\N	7700
638	6	18	\N	32140
647	6	42	\N	32320
659	6	44	\N	32090
681	6	51	\N	32328
690	30	48	\N	93160
709	6	26	\N	31700
715	24	27	\N	78390
722	16	40	\N	58160
725	6	46	\N	32460
730	26	48	\N	85160
732	14	2	\N	42730
739	26	49	\N	85120
747	19	43	\N	64640
751	2	17	\N	21360
760	30	38	\N	91700
762	4	43	\N	24097
789	28	57	\N	88000
792	12	11	\N	38010
800	25	14	\N	80000
813	25	31	\N	80000
830	19	44	\N	64988
839	24	17	\N	78117
845	28	18	\N	88295
848	21	50	\N	72050
852	6	43	\N	31200
853	19	53	\N	65554
858	5	44	\N	29319
860	6	32	\N	31020
886	30	30	\N	93600
890	6	2	\N	33000
898	6	45	\N	31800
900	10	54	\N	35078
904	28	45	\N	87360
907	24	51	\N	78116
913	6	25	\N	32695
914	27	29	\N	86100
919	31	14	\N	97238
921	15	3	\N	44990
950	21	24	\N	72220
951	10	20	\N	34000
961	25	1	\N	82128
967	11	26	\N	54930
973	10	39	\N	34720
991	8	35	\N	27440
1002	8	37	\N	27000
1016	15	35	\N	44240
1023	15	52	\N	45050
1028	15	1	\N	44260
1034	15	21	\N	45520
1054	15	4	\N	45900
1057	15	41	\N	45680
1059	15	39	\N	47120
1070	15	1	\N	47890
1084	15	46	\N	45220
1095	26	16	\N	83260
1100	26	48	\N	83000
1104	26	47	\N	84940
1119	12	15	\N	36760
1124	12	13	\N	36100
1156	12	19	\N	36310
1160	25	16	\N	81200
1168	25	11	\N	81121
1173	25	21	\N	81000
1185	25	31	\N	82600
1187	25	53	\N	82010
1199	2	41	\N	21200
1216	2	52	\N	21150
1222	2	13	\N	21920
1232	2	33	\N	21960
1237	2	23	\N	21900
1266	26	10	\N	83400
1274	19	41	\N	65030
1279	19	32	\N	67500
1282	19	57	\N	64000
1292	19	44	\N	64440
1302	19	58	\N	64480
1311	28	21	\N	88460
1326	28	52	\N	88000
1333	28	8	\N	88500
1359	26	57	\N	84200
1362	26	17	\N	84620
1365	6	48	\N	33850
1378	8	9	\N	26740
1390	8	8	\N	25730
1423	24	16	\N	78270
1426	24	2	\N	78030
1431	19	55	\N	67940
1444	24	58	\N	78960
1465	30	37	\N	92030
1466	28	20	\N	89344
1475	18	10	\N	63000
1501	2	38	\N	22465
1505	2	24	\N	22710
1512	32	54	\N	98500
1522	32	43	\N	99700
1523	32	59	\N	99200
1525	32	13	\N	98600
1539	23	55	\N	77200
1544	11	53	\N	54030
1549	7	38	\N	6200
1560	11	22	\N	53630
1568	19	44	\N	67130
1575	26	7	\N	83150
1592	26	3	\N	83550
1598	2	35	\N	21400
1606	2	17	\N	22790
1611	2	34	\N	22800
1615	2	24	\N	22420
1621	2	19	\N	22000
1623	2	45	\N	22000
1625	2	15	\N	22710
1631	2	39	\N	22100
1658	18	6	\N	63731
1666	7	23	\N	7380
1669	7	50	\N	9510
1671	20	23	\N	69000
1676	15	22	\N	46170
1688	7	31	\N	9100
1691	30	47	\N	94995
1704	7	55	\N	9450
1715	12	52	\N	38040
1721	11	51	\N	53370
1729	19	38	\N	67000
1740	8	29	\N	27050
1745	7	27	\N	14390
1772	26	23	\N	84000
1787	21	14	\N	73690
1809	21	51	\N	73049
1813	27	52	\N	86690
1825	19	40	\N	64320
1833	14	30	\N	42150
1837	19	31	\N	67124
1844	31	5	\N	97606
1849	19	44	\N	66230
1859	11	12	\N	53690
1863	1	43	\N	20780
1869	31	41	\N	97610
1876	29	34	\N	90700
1882	23	30	\N	77017
1886	12	45	\N	38130
1904	7	58	\N	11610
1913	15	29	\N	48356
199	27	38	\N	86901
215	12	24	\N	38930
216	12	36	\N	38700
225	9	37	\N	28000
230	9	52	\N	28060
237	30	15	\N	94500
245	30	8	\N	94100
252	21	52	\N	75520
262	21	43	\N	75160
264	21	35	\N	75050
274	31	8	\N	97830
279	31	55	\N	97100
288	31	16	\N	97970
291	31	10	\N	97960
299	16	17	\N	61600
301	16	24	\N	58420
314	16	49	\N	58570
321	16	28	\N	58630
356	14	8	\N	43990
385	30	44	\N	93550
391	30	48	\N	93340
399	21	5	\N	73800
404	29	41	\N	90300
420	21	46	\N	72160
423	21	54	\N	72130
434	29	44	\N	90241
446	21	22	\N	73700
461	22	42	\N	76030
472	20	36	\N	70180
481	21	45	\N	75700
490	16	33	\N	60600
494	16	6	\N	60531
508	30	47	\N	91789
514	30	59	\N	93980
529	21	47	\N	72000
540	30	51	\N	91800
543	30	30	\N	95300
558	27	54	\N	86400
561	7	56	\N	4370
567	15	24	\N	45559
574	24	40	\N	78070
585	24	58	\N	78320
591	16	44	\N	59980
595	19	50	\N	66600
605	28	42	\N	89800
624	32	11	\N	98800
640	6	16	\N	32060
665	8	37	\N	27260
676	22	3	\N	76802
684	6	50	\N	32160
685	6	42	\N	32350
698	28	44	\N	89319
703	28	56	\N	87500
710	32	44	\N	98170
713	6	26	\N	31830
729	26	59	\N	85000
763	24	25	\N	79960
771	7	30	\N	16700
774	28	59	\N	89800
801	15	29	\N	45500
817	25	10	\N	81600
842	6	53	\N	31050
847	28	56	\N	88298
859	19	5	\N	67480
876	22	31	\N	76700
882	6	42	\N	31610
901	6	46	\N	31900
910	4	29	\N	24070
926	32	35	\N	98230
935	24	14	\N	78466
954	10	23	\N	34000
960	7	1	\N	3610
980	8	43	\N	27800
983	10	21	\N	35210
997	8	25	\N	27000
1004	8	41	\N	27320
1010	15	40	\N	44340
1013	15	32	\N	44200
1024	15	36	\N	44690
1047	15	57	\N	46600
1060	15	44	\N	47900
1069	15	39	\N	47800
1083	15	16	\N	47730
1090	26	38	\N	85427
1096	26	15	\N	83000
1097	26	43	\N	83180
1120	12	54	\N	36750
1123	12	4	\N	36100
1134	3	14	\N	23300
1143	12	57	\N	37320
1147	12	12	\N	37000
1176	25	36	\N	81330
1181	25	52	\N	82140
1202	2	18	\N	21150
1224	2	38	\N	21960
1240	26	51	\N	83449
1267	26	52	\N	83449
1291	19	3	\N	64000
1305	19	47	\N	67350
1319	28	11	\N	87410
1343	26	13	\N	85800
1348	26	11	\N	85294
1350	26	47	\N	85900
1372	6	15	\N	33670
1387	8	10	\N	25470
1388	8	17	\N	25750
1393	8	46	\N	25730
1395	8	20	\N	26860
1400	8	13	\N	25500
1405	8	23	\N	25000
1407	8	28	\N	25010
1415	8	57	\N	25900
1424	24	17	\N	78070
1433	24	30	\N	78870
1437	24	32	\N	78700
1453	26	15	\N	84160
1481	18	7	\N	63700
1488	18	21	\N	63740
1508	32	5	\N	98100
1513	15	11	\N	46200
1524	32	54	\N	99500
1532	2	26	\N	22000
1550	7	31	\N	15850
1556	11	27	\N	53300
1557	7	35	\N	1400
1561	11	41	\N	53950
1565	15	50	\N	44100
1570	21	20	\N	72080
1572	25	49	\N	81200
1577	7	2	\N	11830
1590	15	51	\N	47170
1595	30	32	\N	95870
1597	2	56	\N	21400
1603	2	16	\N	22800
1608	2	59	\N	22800
1610	2	20	\N	22800
1619	2	57	\N	22230
1637	2	7	\N	22400
1642	2	20	\N	22450
1648	2	49	\N	22000
1650	1	13	\N	20020
1683	15	53	\N	44940
1689	18	34	\N	63780
1695	15	18	\N	47700
1711	11	8	\N	55390
1717	28	26	\N	87600
1718	31	29	\N	97840
1734	7	23	\N	16030
1739	3	16	\N	23880
1747	30	56	\N	93800
1751	12	9	\N	36760
1763	11	47	\N	54930
1769	12	40	\N	38470
1791	14	49	\N	43720
1792	5	44	\N	29500
1797	11	55	\N	57710
1799	7	55	\N	11270
1822	7	26	\N	7930
1824	7	11	\N	7520
1857	9	28	\N	28860
1860	5	30	\N	30520
1865	11	17	\N	57840
1866	15	37	\N	44320
1872	15	20	\N	48130
1877	30	1	\N	92030
1880	18	9	\N	63870
1888	21	1	\N	72210
1894	7	26	\N	11200
1906	26	44	\N	83260
1912	31	5	\N	97630
1920	11	43	\N	55120
1928	23	25	\N	77500
1938	6	15	\N	33160
1941	1	38	\N	20080
1955	16	21	\N	60840
1964	12	22	\N	37290
1997	28	9	\N	88160
2005	10	31	\N	35700
2011	15	54	\N	44130
2013	15	48	\N	44490
2019	12	56	\N	36510
2030	25	50	\N	81000
2048	24	42	\N	78090
2053	7	51	\N	4950
2055	21	38	\N	74960
1892	6	41	\N	33140
1902	25	36	\N	82000
1935	22	52	\N	76000
1942	24	21	\N	79200
1948	28	15	\N	88440
1957	10	27	\N	35140
1959	25	36	\N	80450
1979	6	1	\N	32881
1984	25	11	\N	80484
2027	26	41	\N	83130
2035	15	41	\N	48900
2040	7	22	\N	15520
2044	16	7	\N	60800
2052	16	38	\N	58344
2054	21	1	\N	72450
2059	28	47	\N	88209
2063	27	21	\N	86500
2070	11	33	\N	56530
2074	8	4	\N	26070
2105	13	34	\N	41080
2132	21	4	\N	72050
2140	15	30	\N	49650
2145	7	55	\N	9500
2154	19	6	\N	66350
2155	1	32	\N	20800
2167	12	9	\N	36500
2173	11	10	\N	53120
2178	16	6	\N	60090
2184	5	12	\N	29950
2188	3	37	\N	23708
2192	8	12	\N	25710
2195	8	41	\N	25100
2212	15	50	\N	47590
2218	19	59	\N	64520
2244	6	32	\N	32670
2253	19	14	\N	66050
2254	26	7	\N	84000
2259	11	24	\N	52926
2272	6	9	\N	31410
2275	32	37	\N	99510
2283	25	37	\N	81000
2286	12	15	\N	38970
2306	24	5	\N	78660
2316	31	44	\N	97430
2326	11	54	\N	54150
2328	29	7	\N	90160
2380	21	4	\N	74110
2467	28	27	\N	88770
2490	28	29	\N	88700
2506	22	14	\N	76180
2523	30	26	\N	95400
2544	12	3	\N	38020
2547	6	35	\N	31380
2561	30	56	\N	91920
2564	19	48	\N	67170
2584	8	48	\N	25790
2602	30	19	\N	91500
2615	12	59	\N	37190
2619	10	48	\N	35000
2634	6	54	\N	32670
2663	15	15	\N	47150
2699	12	33	\N	38010
2714	16	5	\N	60900
2719	27	33	\N	86800
2733	11	38	\N	55060
2747	19	7	\N	66100
2752	19	1	\N	65200
2767	26	9	\N	83190
2771	16	40	\N	60610
2780	6	57	\N	32320
2834	8	3	\N	26730
2849	30	58	\N	91940
2862	7	7	\N	9030
2868	28	28	\N	87600
2880	30	31	\N	94280
2914	8	56	\N	25720
2933	19	39	\N	66468
2952	7	55	\N	8100
2957	15	4	\N	45640
2961	22	51	\N	76137
1917	26	29	\N	84000
1921	21	17	\N	74730
1927	20	32	\N	68200
1933	15	11	\N	47250
1943	19	11	\N	66900
1967	7	37	\N	9600
1973	19	38	\N	64269
1978	8	20	\N	25300
1986	12	45	\N	36100
1989	19	10	\N	67190
1998	9	24	\N	28130
2004	6	54	\N	31620
2015	15	23	\N	49460
2023	10	39	\N	35660
2025	15	53	\N	45530
2032	28	57	\N	88500
2036	15	3	\N	45120
2058	28	17	\N	87480
2062	6	20	\N	31530
2071	7	44	\N	14200
2076	27	21	\N	86350
2079	7	38	\N	2760
2085	11	14	\N	55490
2104	19	53	\N	67110
2110	19	6	\N	66400
2119	4	32	\N	24000
2126	21	41	\N	72410
2138	19	49	\N	64740
2148	6	19	\N	33550
2157	10	3	\N	35025
2161	30	55	\N	94910
2164	26	52	\N	85095
2205	15	57	\N	47340
2208	11	59	\N	54605
2215	15	38	\N	45080
2219	32	17	\N	99780
2229	25	5	\N	80370
2235	4	39	\N	24370
2240	7	45	\N	2120
2242	29	41	\N	90550
2251	12	25	\N	36520
2257	16	43	\N	58740
2267	28	17	\N	88660
2277	31	33	\N	97770
2282	24	49	\N	78350
2288	19	5	\N	64280
2293	16	34	\N	58070
2309	30	1	\N	96400
2322	12	32	\N	37190
2329	10	5	\N	35000
2337	12	27	\N	37410
2341	11	13	\N	56353
2361	30	30	\N	95841
2396	8	52	\N	27019
2420	19	59	\N	64630
2431	11	38	\N	56190
2439	25	57	\N	80030
2446	19	50	\N	64117
2469	6	24	\N	32690
2478	4	48	\N	24090
2512	15	7	\N	45410
2537	8	59	\N	26069
2565	2	58	\N	22710
2582	6	59	\N	31150
2601	25	23	\N	80130
2647	28	34	\N	89600
2657	21	6	\N	72190
2666	19	43	\N	65200
2678	28	50	\N	88000
2703	2	26	\N	22000
2710	15	24	\N	45410
2746	28	51	\N	88743
2755	1	51	\N	20340
2769	30	47	\N	94500
2796	28	3	\N	87390
2816	28	43	\N	88280
2838	19	9	\N	64753
2860	20	27	\N	70934
2865	19	53	\N	66146
2901	19	4	\N	66410
2929	19	54	\N	64020
2932	7	54	\N	9030
2949	12	12	\N	37419
1929	23	18	\N	77510
1939	26	58	\N	83280
1940	31	28	\N	97070
1945	11	54	\N	55090
1949	15	52	\N	44990
1958	24	50	\N	78000
1963	3	56	\N	23040
1965	1	15	\N	20500
1983	15	47	\N	44930
1991	11	5	\N	55280
1996	9	50	\N	28110
2016	10	46	\N	35950
2021	27	6	\N	86230
2031	26	47	\N	84160
2038	21	48	\N	72685
2050	15	14	\N	47270
2077	15	34	\N	47980
2086	11	47	\N	55140
2097	26	37	\N	85255
2102	19	28	\N	64560
2117	26	43	\N	83190
2123	11	40	\N	52760
2125	7	46	\N	11320
2134	30	26	\N	91669
2136	12	9	\N	37440
2143	19	58	\N	66220
2168	16	8	\N	60111
2180	19	56	\N	64960
2193	28	43	\N	88730
2196	7	29	\N	5330
2200	7	35	\N	9800
2217	26	51	\N	84000
2230	15	39	\N	47300
2252	21	11	\N	73580
2266	16	56	\N	60521
2270	3	12	\N	23900
2274	16	11	\N	58220
2303	26	2	\N	85555
2312	30	21	\N	92970
2320	30	24	\N	95850
2325	8	18	\N	25290
2330	2	24	\N	22490
2349	8	26	\N	26230
2352	20	26	\N	68300
2364	25	17	\N	82110
2398	21	34	\N	74130
2406	12	1	\N	37300
2438	30	35	\N	91119
2459	6	21	\N	31050
2495	21	39	\N	72000
2508	15	42	\N	45070
2516	16	50	\N	60110
2521	25	10	\N	80080
2550	8	3	\N	25208
2573	8	15	\N	27250
2581	11	58	\N	55740
2583	7	58	\N	4369
2603	11	52	\N	57420
2620	26	7	\N	83200
2662	15	54	\N	45010
2670	22	41	\N	76110
2757	19	58	\N	64190
2840	8	24	\N	27980
2872	19	13	\N	64000
2883	30	30	\N	92000
2920	31	18	\N	97616
2931	19	45	\N	64300
1988	26	11	\N	85260
1993	16	34	\N	60680
2022	7	35	\N	9510
2026	25	45	\N	80090
2045	11	52	\N	57130
2060	28	22	\N	88810
2075	30	45	\N	91810
2087	5	35	\N	30000
2089	18	2	\N	63762
2101	6	44	\N	33120
2107	4	15	\N	24029
2146	23	48	\N	77710
2152	27	23	\N	86090
2162	19	53	\N	64830
2170	25	39	\N	80130
2174	7	54	\N	2020
2177	15	26	\N	44820
2186	19	41	\N	64310
2189	19	23	\N	66250
2204	24	38	\N	78438
2211	7	45	\N	1759
2228	30	51	\N	92000
2232	1	53	\N	20355
2237	11	30	\N	54180
2243	20	14	\N	70980
2258	24	18	\N	79090
2262	29	58	\N	90431
2278	11	58	\N	56560
2280	12	27	\N	37950
2290	19	19	\N	65200
2292	28	32	\N	89130
2301	19	38	\N	64798
2308	22	8	\N	76900
2311	14	2	\N	42400
2323	6	30	\N	31160
2332	11	46	\N	54959
2335	22	21	\N	76180
2340	8	42	\N	27630
2350	12	24	\N	37400
2353	30	26	\N	94300
2421	6	21	\N	33800
2429	15	58	\N	45180
2434	21	59	\N	74990
2448	14	20	\N	42080
2456	12	22	\N	36780
2457	19	34	\N	64460
2466	15	10	\N	45050
2468	25	40	\N	80060
2480	21	25	\N	74370
2520	9	24	\N	28988
2538	16	21	\N	58080
2549	6	7	\N	33700
2563	12	37	\N	36530
2572	8	58	\N	27000
2574	12	40	\N	37238
2633	19	28	\N	64140
2645	25	52	\N	81148
2656	28	31	\N	87050
2659	6	23	\N	31857
2701	10	23	\N	35150
2721	12	29	\N	37680
2722	19	10	\N	66484
2728	19	34	\N	66450
2748	11	40	\N	56290
2761	22	56	\N	76220
2781	2	42	\N	22020
2799	7	16	\N	15530
2804	6	24	\N	32610
2830	8	32	\N	27000
2847	28	16	\N	88650
2866	8	13	\N	27100
2874	6	44	\N	31530
2884	18	2	\N	63184
2890	23	33	\N	77500
2900	12	21	\N	37320
2902	8	26	\N	25900
2919	15	51	\N	45070
2948	23	7	\N	77620
2043	11	53	\N	54069
2056	15	6	\N	47470
2090	30	20	\N	92900
2095	26	36	\N	83000
2100	6	6	\N	31090
2124	12	1	\N	37119
2129	30	15	\N	93160
2131	15	56	\N	46760
2169	11	55	\N	54730
2185	19	36	\N	66060
2247	20	22	\N	71230
2250	11	30	\N	52240
2265	1	52	\N	20100
2271	20	46	\N	71950
2273	30	21	\N	94294
2284	15	45	\N	45190
2285	2	55	\N	22540
2300	15	40	\N	44580
2315	31	27	\N	97713
2318	6	26	\N	31550
2324	19	40	\N	67190
2334	28	3	\N	89410
2449	25	24	\N	80160
2460	12	31	\N	38970
2488	10	35	\N	34220
2496	16	3	\N	61420
2514	9	49	\N	28110
2519	12	6	\N	38940
2594	1	5	\N	20130
2613	22	2	\N	76800
2625	28	46	\N	88740
2626	8	4	\N	25060
2640	11	22	\N	54600
2644	1	55	\N	20130
2646	31	24	\N	97229
2651	11	27	\N	50160
2709	1	45	\N	20210
2732	11	36	\N	54460
2754	19	3	\N	64470
2763	15	31	\N	44987
2807	6	29	\N	31880
2809	29	17	\N	90244
2817	13	4	\N	39910
2832	8	54	\N	25290
2858	7	24	\N	1900
2861	7	12	\N	9030
2870	15	19	\N	45090
2875	26	54	\N	85204
2886	2	14	\N	22450
2047	6	3	\N	32350
2049	26	29	\N	83320
2081	19	37	\N	66440
2082	15	33	\N	45645
2094	29	55	\N	90500
2099	7	43	\N	9800
2109	19	23	\N	64636
2113	15	19	\N	45850
2120	15	50	\N	47950
2141	11	36	\N	52158
2144	19	2	\N	67980
2159	10	55	\N	35070
2165	31	36	\N	97700
2179	23	26	\N	77516
2187	15	10	\N	48354
2190	11	54	\N	55121
2198	19	16	\N	66484
2203	19	47	\N	64460
2209	15	15	\N	44860
2225	31	51	\N	97118
2239	15	10	\N	44350
2261	12	33	\N	37490
2358	16	29	\N	58502
2395	12	14	\N	36880
2433	7	17	\N	9274
2461	19	26	\N	64540
2470	6	48	\N	32330
2482	19	45	\N	66600
2502	8	52	\N	27054
2511	28	46	\N	87380
2518	16	35	\N	60540
2522	30	30	\N	95400
2551	10	39	\N	35078
2566	19	49	\N	64800
2577	14	9	\N	43680
2605	12	27	\N	38010
2611	22	47	\N	76070
2618	15	13	\N	45010
2650	19	13	\N	64280
2658	14	41	\N	43490
2669	8	52	\N	25750
2677	11	21	\N	54680
2706	31	32	\N	97144
2715	6	29	\N	31200
2717	11	21	\N	57710
2745	16	33	\N	61000
2756	19	31	\N	64000
2760	21	37	\N	72000
2784	5	42	\N	29010
2797	11	42	\N	57210
2802	29	25	\N	90244
2820	13	42	\N	40830
2833	7	50	\N	2500
2859	5	55	\N	29620
2869	30	50	\N	91800
2882	7	5	\N	11870
2888	22	1	\N	76500
2945	11	53	\N	54960
2954	26	38	\N	85276
2061	32	57	\N	99060
2068	14	21	\N	43540
2078	19	53	\N	67129
2084	26	57	\N	85890
2088	29	33	\N	90000
2093	15	8	\N	45559
2096	28	55	\N	88890
2116	26	33	\N	83170
2133	16	42	\N	61651
2149	26	6	\N	83120
2158	19	21	\N	67250
2166	7	3	\N	9030
2175	24	11	\N	79902
2176	26	30	\N	85180
2181	25	32	\N	81370
2183	2	18	\N	21399
2191	15	26	\N	45400
2201	15	20	\N	45980
2207	15	57	\N	45100
2226	26	57	\N	83000
2233	1	35	\N	20347
2245	9	51	\N	28988
2256	10	24	\N	34150
2268	30	6	\N	96400
2287	14	30	\N	42085
2317	26	46	\N	85400
2327	19	3	\N	64780
2333	14	4	\N	43800
2338	12	52	\N	38260
2339	7	1	\N	9290
2346	19	26	\N	66239
2354	28	52	\N	87480
2356	20	39	\N	69200
2359	2	24	\N	22500
2378	12	26	\N	38000
2422	19	25	\N	64260
2423	12	28	\N	36100
2471	20	17	\N	69600
2481	20	40	\N	69290
2498	6	6	\N	32590
2504	21	26	\N	75467
2515	12	52	\N	36826
2536	16	3	\N	59810
2585	6	31	\N	31080
2604	7	8	\N	9560
2614	23	25	\N	77570
2632	8	41	\N	27000
2649	19	32	\N	66376
2654	10	39	\N	35000
2661	19	39	\N	64660
2679	15	4	\N	44960
2700	24	35	\N	79911
2708	2	43	\N	21399
2716	8	14	\N	27440
2734	15	54	\N	45850
2735	28	42	\N	89080
2749	1	59	\N	20240
2750	19	48	\N	64000
2783	19	14	\N	66000
2798	31	20	\N	97200
2800	9	14	\N	28000
2818	19	9	\N	64200
2841	5	59	\N	30650
2848	16	14	\N	58170
2863	15	11	\N	44730
2881	25	54	\N	80060
2899	12	48	\N	37510
2947	15	41	\N	45417
2955	30	52	\N	94252
2137	26	22	\N	85400
2151	11	53	\N	53270
2160	25	41	\N	80430
2163	28	18	\N	88840
2172	5	47	\N	30000
2182	30	50	\N	91700
2194	8	34	\N	27942
2202	16	49	\N	60531
2210	21	34	\N	72460
2214	15	45	\N	45590
2221	26	24	\N	85240
2227	26	56	\N	83200
2234	5	52	\N	30529
2236	15	7	\N	45010
2246	25	17	\N	81470
2249	12	31	\N	37980
2263	21	22	\N	72530
2281	30	4	\N	92600
2291	28	51	\N	89107
2296	16	18	\N	60950
2298	15	7	\N	49020
2304	16	30	\N	58120
2314	31	3	\N	97320
2336	8	27	\N	25420
2343	30	11	\N	96400
2347	12	48	\N	36720
2362	32	56	\N	98330
2365	13	14	\N	40880
2397	21	12	\N	74300
2430	22	33	\N	76017
2462	8	21	\N	27019
2477	31	51	\N	97130
2479	31	21	\N	97370
2497	11	22	\N	55270
2505	22	46	\N	76270
2513	8	57	\N	27250
2535	11	28	\N	55060
2567	24	52	\N	78520
2575	6	44	\N	32540
2595	30	29	\N	94950
2617	8	53	\N	25125
2622	16	22	\N	60120
2635	15	25	\N	47450
2653	12	7	\N	38900
2672	25	18	\N	80270
2702	29	38	\N	90180
2727	2	3	\N	22920
2730	28	1	\N	89110
2753	30	38	\N	92800
2762	25	30	\N	80670
2770	30	8	\N	92800
2782	8	1	\N	25700
2794	8	18	\N	26000
2839	7	56	\N	4920
2843	15	31	\N	45340
2864	2	41	\N	21180
2867	26	19	\N	83440
2873	18	9	\N	63567
2885	11	59	\N	56400
2889	28	15	\N	87460
2908	11	13	\N	55025
2915	30	42	\N	95100
2916	30	48	\N	95100
2930	8	51	\N	25000
2959	15	21	\N	48340
2171	7	57	\N	5410
2197	26	30	\N	83205
2206	15	35	\N	45010
2216	15	50	\N	45230
2220	12	16	\N	37520
2223	19	34	\N	67100
2231	19	28	\N	65200
2238	15	13	\N	49170
2241	10	14	\N	34160
2255	11	39	\N	55135
2260	11	40	\N	56400
2294	15	39	\N	45410
2299	5	18	\N	29960
2307	11	55	\N	56530
2321	6	26	\N	31420
2331	12	48	\N	37900
2344	25	54	\N	82090
2345	28	14	\N	88270
2351	25	43	\N	80430
2360	19	34	\N	65000
2379	19	22	\N	67180
2394	11	58	\N	56577
2407	26	23	\N	83270
2428	25	15	\N	81280
2432	10	39	\N	35200
2437	30	20	\N	92000
2440	8	25	\N	25350
2447	24	40	\N	79299
2530	15	11	\N	45610
2534	15	10	\N	44890
2576	7	7	\N	15900
2586	11	42	\N	54730
2612	6	22	\N	31250
2648	4	49	\N	24010
2655	16	42	\N	60140
2660	19	41	\N	64320
2665	20	23	\N	70600
2671	24	51	\N	78920
2680	11	13	\N	54946
2704	19	5	\N	64000
2707	2	51	\N	22457
2713	28	6	\N	87020
2720	16	51	\N	58250
2729	20	55	\N	68130
2772	15	4	\N	45790
2808	22	21	\N	76130
2819	30	30	\N	91193
2835	32	49	\N	99170
2837	5	46	\N	30700
2842	12	53	\N	38800
2845	25	1	\N	80210
2917	21	12	\N	72170
2943	1	50	\N	20040
2946	21	12	\N	72550
2956	24	44	\N	78640
2248	21	41	\N	72580
2264	23	47	\N	77000
2269	27	12	\N	86250
2276	32	44	\N	99830
2279	29	53	\N	90590
2289	12	6	\N	38040
2295	6	46	\N	31110
2297	5	13	\N	30430
2302	16	17	\N	58180
2305	6	52	\N	31380
2310	19	2	\N	66400
2313	16	24	\N	59510
2319	19	53	\N	64780
2342	7	38	\N	4840
2348	6	5	\N	32120
2355	22	17	\N	76120
2357	24	35	\N	78170
2363	28	37	\N	88620
2419	8	52	\N	25000
2442	18	2	\N	63197
2486	29	14	\N	90970
2489	10	52	\N	35078
2503	8	20	\N	25270
2548	19	24	\N	67113
2610	16	32	\N	60190
2621	2	33	\N	22760
2652	16	26	\N	60490
2664	8	57	\N	27280
2668	19	5	\N	67110
2676	7	14	\N	9209
2705	2	46	\N	21850
2718	30	57	\N	91946
2759	15	50	\N	44430
2764	20	31	\N	68274
2768	28	44	\N	87300
2785	30	44	\N	91500
2795	24	23	\N	79300
2821	22	34	\N	76000
2831	28	21	\N	89510
2844	25	55	\N	81000
2871	19	23	\N	64000
2879	8	35	\N	25000
2887	21	19	\N	72050
2909	19	34	\N	64490
2918	15	11	\N	45070
2940	19	24	\N	67190
2953	30	30	\N	91960
2958	11	25	\N	50450
\.


--
-- TOC entry 3415 (class 0 OID 16398)
-- Dependencies: 210
-- Data for Name: estado; Type: TABLE DATA; Schema: public; Owner: mots
--

COPY public.estado (id_estado, nombre, min_cp, max_cp) FROM stdin;
1	Aguascalientes	20000	20997
2	Baja California	21000	22997
3	Baja California Sur	23000	23997
4	Campeche	24000	24942
5	Chiapas	29000	30997
6	Chihuahua	31000	33997
7	Ciudad de México	1000	16900
8	Coahuila	25000	27997
9	Colima	28000	28989
10	Durango	34000	35987
11	Estado de México	50000	57950
12	Guanajuato	36000	38997
13	Guerrero	39000	41997
14	Hidalgo	42000	43998
15	Jalisco	44100	49994
16	Michoacán	58000	61998
17	Morelos	62000	62996
18	Nayarit	63000	63996
19	Nuevo León	64000	67996
20	Oaxaca	68000	71998
21	Puebla	72000	75997
22	Querétaro	76000	76998
23	Quintana Roo	77000	77997
24	San Luis Potosí	78000	79998
25	Sinaloa	80000	82996
26	Sonora	83000	85994
27	Tabasco	86000	86998
28	Tamaulipas	87000	89970
29	Tlaxcala	90000	90990
30	Veracruz	91000	96998
31	Yucatán	97000	97990
32	Zacatecas	98000	99998
\.


--
-- TOC entry 3416 (class 0 OID 16403)
-- Dependencies: 211
-- Data for Name: pozo; Type: TABLE DATA; Schema: public; Owner: mots
--

COPY public.pozo (id_pozo, id_estado, periodo) FROM stdin;
1	4	2019-01-01
2	28	2019-02-01
3	24	2019-03-01
5	30	2019-05-01
4	3	2019-04-01
7	2	2019-07-01
8	7	2019-08-01
9	25	2019-09-01
10	24	2019-10-01
6	29	2019-06-01
11	26	2019-11-01
12	16	2019-12-01
13	3	2020-01-01
14	10	2020-02-01
15	21	2020-03-01
16	29	2020-04-01
17	31	2020-05-01
18	21	2020-06-01
19	3	2020-07-01
20	29	2020-08-01
21	8	2020-09-01
22	14	2020-10-01
23	12	2020-11-01
24	20	2020-12-01
25	18	2021-01-01
26	4	2021-02-01
27	14	2021-03-01
28	22	2021-04-01
29	12	2021-05-01
30	3	2021-06-01
31	16	2021-07-01
32	15	2021-08-01
33	1	2021-09-01
34	14	2021-10-01
35	29	2021-11-01
36	3	2021-12-01
37	26	2022-01-01
38	23	2022-02-01
39	10	2022-03-01
40	11	2022-04-01
41	18	2022-05-01
42	8	2022-06-01
43	31	2022-07-01
44	28	2022-08-01
45	24	2022-09-01
46	13	2022-10-01
47	1	2022-11-01
48	7	2022-12-01
49	6	2023-01-01
50	9	2023-02-01
51	13	2023-03-01
52	27	2023-04-01
53	10	2023-05-01
54	10	2023-06-01
55	8	2023-07-01
56	9	2023-08-01
57	29	2023-09-01
58	22	2023-10-01
59	31	2023-11-01
60	13	2023-12-01
\.


--
-- TOC entry 3417 (class 0 OID 16406)
-- Dependencies: 212
-- Data for Name: produccion; Type: TABLE DATA; Schema: public; Owner: mots
--

COPY public.produccion (id_produccion, id_pozo, tipo, unidad, periodo, valor) FROM stdin;
\.


--
-- TOC entry 3418 (class 0 OID 16411)
-- Dependencies: 213
-- Data for Name: productos; Type: TABLE DATA; Schema: public; Owner: mots
--

COPY public.productos (id_productos, id_distribuidora, magna, premium, diesel, dme) FROM stdin;
2	2	t	t	t	t
3	3	t	t	t	t
7	7	t	t	t	t
5	5	t	t	t	t
8	8	t	t	t	t
9	9	t	t	t	t
10	10	t	t	t	t
11	11	t	t	t	t
6	6	t	t	t	t
4	4	t	t	t	t
13	13	t	t	t	t
14	14	t	t	t	t
15	15	t	t	t	t
16	16	t	t	t	t
17	17	t	t	t	t
18	18	t	t	t	t
12	12	t	t	t	t
19	19	t	t	t	t
21	21	t	t	t	t
20	20	t	t	t	t
22	22	t	t	t	t
23	23	t	t	t	t
24	24	t	t	t	t
25	25	t	t	t	t
26	26	t	t	t	t
27	27	t	t	t	t
28	28	t	t	t	t
29	29	t	t	t	t
30	30	t	t	t	t
32	32	t	t	t	t
33	33	t	t	t	t
31	31	t	t	t	t
34	34	t	t	t	t
35	35	t	t	t	t
36	36	t	t	t	t
37	37	t	t	t	t
38	38	t	t	t	t
39	39	t	t	t	t
40	40	t	t	t	t
41	41	t	t	t	t
42	42	t	t	t	t
43	43	t	t	t	t
44	44	t	t	t	t
45	45	t	t	t	t
46	46	t	t	t	t
47	47	t	t	t	t
48	48	t	t	t	t
49	49	t	t	t	t
50	50	t	t	t	t
51	51	t	t	t	t
52	52	t	t	t	t
53	53	t	t	t	t
54	54	t	t	t	t
55	55	t	t	t	t
56	56	t	t	t	t
57	57	t	t	t	t
59	59	t	t	t	t
60	60	t	t	t	t
61	61	t	t	t	t
62	62	t	t	t	t
58	58	t	t	t	t
63	63	t	t	t	t
64	64	t	t	t	t
65	65	t	t	t	t
66	66	t	t	t	t
67	67	t	t	t	t
68	68	t	t	t	t
69	69	t	t	t	t
70	70	t	t	t	t
71	71	t	t	t	t
72	72	t	t	t	t
74	74	t	t	t	t
73	73	t	t	t	t
75	75	t	t	t	t
76	76	t	t	t	t
77	77	t	t	t	t
79	79	t	t	t	t
78	78	t	t	t	t
80	80	t	t	t	t
81	81	t	t	t	t
82	82	t	t	t	t
84	84	t	t	t	t
83	83	t	t	t	t
86	86	t	t	t	t
85	85	t	t	t	t
87	87	t	t	t	t
88	88	t	t	t	t
90	90	t	t	t	t
91	91	t	t	t	t
89	89	t	t	t	t
92	92	t	t	t	t
93	93	t	t	t	t
94	94	t	t	t	t
95	95	t	t	t	t
96	96	t	t	t	t
97	97	t	t	t	t
98	98	t	t	t	t
99	99	t	t	t	t
100	100	t	t	t	t
101	101	t	t	t	t
102	102	t	t	t	t
103	103	t	t	t	t
104	104	t	t	t	t
106	106	t	t	t	t
107	107	t	t	t	t
105	105	t	t	t	t
108	108	t	t	t	t
109	109	t	t	t	t
110	110	t	t	t	t
111	111	t	t	t	t
114	114	t	t	t	t
113	113	t	t	t	t
112	112	t	t	t	t
115	115	t	t	t	t
116	116	t	t	t	t
117	117	t	t	t	t
119	119	t	t	t	t
118	118	t	t	t	t
120	120	t	t	t	t
122	122	t	t	t	t
121	121	t	t	t	t
123	123	t	t	t	t
124	124	t	t	t	t
125	125	t	t	t	t
126	126	t	t	t	t
127	127	t	t	t	t
128	128	t	t	t	t
131	131	t	t	t	t
129	129	t	t	t	t
130	130	t	t	t	t
132	132	t	t	t	t
133	133	t	t	t	t
134	134	t	t	t	t
135	135	t	t	t	t
137	137	t	t	t	t
136	136	t	t	t	t
138	138	t	t	t	t
139	139	t	t	t	t
140	140	t	t	t	t
141	141	t	t	t	t
144	144	t	t	t	t
142	142	t	t	t	t
143	143	t	t	t	t
145	145	t	t	t	t
146	146	t	t	t	t
147	147	t	t	t	t
148	148	t	t	t	t
149	149	t	t	t	t
150	150	t	t	t	t
152	152	t	t	t	t
151	151	t	t	t	t
153	153	t	t	t	t
154	154	t	t	t	t
155	155	t	t	t	t
156	156	t	t	t	t
157	157	t	t	t	t
158	158	t	t	t	t
159	159	t	t	t	t
160	160	t	t	t	t
161	161	t	t	t	t
162	162	t	t	t	t
164	164	t	t	t	t
163	163	t	t	t	t
165	165	t	t	t	t
166	166	t	t	t	t
167	167	t	t	t	t
168	168	t	t	t	t
169	169	t	t	t	t
170	170	t	t	t	t
172	172	t	t	t	t
171	171	t	t	t	t
173	173	t	t	t	t
174	174	t	t	t	t
175	175	t	t	t	t
176	176	t	t	t	t
177	177	t	t	t	t
178	178	t	t	t	t
179	179	t	t	t	t
183	183	t	t	t	t
182	182	t	t	t	t
180	180	t	t	t	t
181	181	t	t	t	t
184	184	t	t	t	t
185	185	t	t	t	t
186	186	t	t	t	t
187	187	t	t	t	t
191	191	t	t	t	t
194	194	t	t	t	t
204	204	t	t	t	t
209	209	t	t	t	t
217	217	t	t	t	t
233	233	t	t	t	t
234	234	t	t	t	t
255	255	t	t	t	t
263	263	t	t	t	t
266	266	t	t	t	t
309	309	t	t	t	t
316	316	t	t	t	t
328	328	t	t	t	t
333	333	t	t	t	t
337	337	t	t	t	t
350	350	t	t	t	t
359	359	t	t	t	t
362	362	t	t	t	t
366	366	t	t	t	t
368	368	t	t	t	t
373	373	t	t	t	t
374	374	t	t	t	t
379	379	t	t	t	t
381	381	t	t	t	t
394	394	t	t	t	t
408	408	t	t	t	t
424	424	t	t	t	t
428	428	t	t	t	t
432	432	t	t	t	t
443	443	t	t	t	t
453	453	t	t	t	t
456	456	t	t	t	t
465	465	t	t	t	t
474	474	t	t	t	t
477	477	t	t	t	t
499	499	t	t	t	t
502	502	t	t	t	t
521	521	t	t	t	t
531	531	t	t	t	t
533	533	t	t	t	t
550	550	t	t	t	t
560	560	t	t	t	t
562	562	t	t	t	t
575	575	t	t	t	t
580	580	t	t	t	t
581	581	t	t	t	t
588	588	t	t	t	t
602	602	t	t	t	t
612	612	t	t	t	t
620	620	t	t	t	t
627	627	t	t	t	t
649	649	t	t	t	t
654	654	t	t	t	t
661	661	t	t	t	t
668	668	t	t	t	t
671	671	t	t	t	t
681	681	t	t	t	t
690	690	t	t	t	t
692	692	t	t	t	t
711	711	t	t	t	t
723	723	t	t	t	t
741	741	t	t	t	t
743	743	t	t	t	t
750	750	t	t	t	t
758	758	t	t	t	t
760	760	t	t	t	t
772	772	t	t	t	t
779	779	t	t	t	t
788	788	t	t	t	t
795	795	t	t	t	t
806	806	t	t	t	t
810	810	t	t	t	t
812	812	t	t	t	t
821	821	t	t	t	t
827	827	t	t	t	t
835	835	t	t	t	t
857	857	t	t	t	t
865	865	t	t	t	t
868	868	t	t	t	t
877	877	t	t	t	t
879	879	t	t	t	t
888	888	t	t	t	t
897	897	t	t	t	t
916	916	t	t	t	t
920	920	t	t	t	t
925	925	t	t	t	t
931	931	t	t	t	t
938	938	t	t	t	t
939	939	t	t	t	t
948	948	t	t	t	t
964	964	t	t	t	t
973	973	t	t	t	t
989	989	t	t	t	t
993	993	t	t	t	t
1026	1026	t	t	t	t
1032	1032	t	t	t	t
1039	1039	t	t	t	t
1049	1049	t	t	t	t
1064	1064	t	t	t	t
1072	1072	t	t	t	t
1107	1107	t	t	t	t
1110	1110	t	t	t	t
1129	1129	t	t	t	t
1133	1133	t	t	t	t
1145	1145	t	t	t	t
1155	1155	t	t	t	t
1158	1158	t	t	t	t
1167	1167	t	t	t	t
1173	1173	t	t	t	t
1186	1186	t	t	t	t
1194	1194	t	t	t	t
1207	1207	t	t	t	t
1213	1213	t	t	t	t
1220	1220	t	t	t	t
1221	1221	t	t	t	t
1237	1237	t	t	t	t
1248	1248	t	t	t	t
1255	1255	t	t	t	t
1262	1262	t	t	t	t
1263	1263	t	t	t	t
1269	1269	t	t	t	t
1270	1270	t	t	t	t
1278	1278	t	t	t	t
1282	1282	t	t	t	t
1287	1287	t	t	t	t
1295	1295	t	t	t	t
1306	1306	t	t	t	t
1309	1309	t	t	t	t
1329	1329	t	t	t	t
1333	1333	t	t	t	t
1339	1339	t	t	t	t
1342	1342	t	t	t	t
1356	1356	t	t	t	t
1365	1365	t	t	t	t
1368	1368	t	t	t	t
1378	1378	t	t	t	t
1399	1399	t	t	t	t
1422	1422	t	t	t	t
1443	1443	t	t	t	t
1456	1456	t	t	t	t
1463	1463	t	t	t	t
1468	1468	t	t	t	t
1477	1477	t	t	t	t
1491	1491	t	t	t	t
1498	1498	t	t	t	t
1519	1519	t	t	t	t
1522	1522	t	t	t	t
1523	1523	t	t	t	t
1525	1525	t	t	t	t
1543	1543	t	t	t	t
1564	1564	t	t	t	t
1576	1576	t	t	t	t
1580	1580	t	t	t	t
1585	1585	t	t	t	t
1588	1588	t	t	t	t
1602	1602	t	t	t	t
1629	1629	t	t	t	t
1636	1636	t	t	t	t
1638	1638	t	t	t	t
1643	1643	t	t	t	t
1644	1644	t	t	t	t
1657	1657	t	t	t	t
1662	1662	t	t	t	t
1675	1675	t	t	t	t
1701	1701	t	t	t	t
1726	1726	t	t	t	t
1729	1729	t	t	t	t
1759	1759	t	t	t	t
1760	1760	t	t	t	t
1767	1767	t	t	t	t
1777	1777	t	t	t	t
1782	1782	t	t	t	t
1786	1786	t	t	t	t
1807	1807	t	t	t	t
1814	1814	t	t	t	t
1829	1829	t	t	t	t
1838	1838	t	t	t	t
1846	1846	t	t	t	t
1852	1852	t	t	t	t
1871	1871	t	t	t	t
1896	1896	t	t	t	t
1899	1899	t	t	t	t
1923	1923	t	t	t	t
1950	1950	t	t	t	t
188	188	t	t	t	t
195	195	t	t	t	t
205	205	t	t	t	t
257	257	t	t	t	t
269	269	t	t	t	t
270	270	t	t	t	t
271	271	t	t	t	t
278	278	t	t	t	t
286	286	t	t	t	t
295	295	t	t	t	t
327	327	t	t	t	t
334	334	t	t	t	t
339	339	t	t	t	t
342	342	t	t	t	t
352	352	t	t	t	t
356	356	t	t	t	t
358	358	t	t	t	t
370	370	t	t	t	t
371	371	t	t	t	t
382	382	t	t	t	t
390	390	t	t	t	t
406	406	t	t	t	t
412	412	t	t	t	t
416	416	t	t	t	t
445	445	t	t	t	t
459	459	t	t	t	t
481	481	t	t	t	t
510	510	t	t	t	t
522	522	t	t	t	t
534	534	t	t	t	t
546	546	t	t	t	t
555	555	t	t	t	t
566	566	t	t	t	t
583	583	t	t	t	t
601	601	t	t	t	t
608	608	t	t	t	t
614	614	t	t	t	t
624	624	t	t	t	t
645	645	t	t	t	t
660	660	t	t	t	t
673	673	t	t	t	t
677	677	t	t	t	t
678	678	t	t	t	t
696	696	t	t	t	t
702	702	t	t	t	t
705	705	t	t	t	t
727	727	t	t	t	t
740	740	t	t	t	t
747	747	t	t	t	t
752	752	t	t	t	t
762	762	t	t	t	t
770	770	t	t	t	t
783	783	t	t	t	t
785	785	t	t	t	t
791	791	t	t	t	t
797	797	t	t	t	t
811	811	t	t	t	t
823	823	t	t	t	t
829	829	t	t	t	t
848	848	t	t	t	t
855	855	t	t	t	t
859	859	t	t	t	t
867	867	t	t	t	t
870	870	t	t	t	t
871	871	t	t	t	t
883	883	t	t	t	t
887	887	t	t	t	t
896	896	t	t	t	t
899	899	t	t	t	t
909	909	t	t	t	t
914	914	t	t	t	t
922	922	t	t	t	t
926	926	t	t	t	t
930	930	t	t	t	t
967	967	t	t	t	t
975	975	t	t	t	t
981	981	t	t	t	t
991	991	t	t	t	t
1010	1010	t	t	t	t
1025	1025	t	t	t	t
1040	1040	t	t	t	t
1048	1048	t	t	t	t
1051	1051	t	t	t	t
1070	1070	t	t	t	t
1076	1076	t	t	t	t
1082	1082	t	t	t	t
1092	1092	t	t	t	t
1094	1094	t	t	t	t
1096	1096	t	t	t	t
1119	1119	t	t	t	t
1148	1148	t	t	t	t
1156	1156	t	t	t	t
1157	1157	t	t	t	t
1168	1168	t	t	t	t
1175	1175	t	t	t	t
1183	1183	t	t	t	t
1188	1188	t	t	t	t
1200	1200	t	t	t	t
1206	1206	t	t	t	t
1210	1210	t	t	t	t
1219	1219	t	t	t	t
1224	1224	t	t	t	t
1243	1243	t	t	t	t
1250	1250	t	t	t	t
1251	1251	t	t	t	t
1257	1257	t	t	t	t
1267	1267	t	t	t	t
1289	1289	t	t	t	t
1300	1300	t	t	t	t
1304	1304	t	t	t	t
1307	1307	t	t	t	t
1310	1310	t	t	t	t
1316	1316	t	t	t	t
1318	1318	t	t	t	t
1321	1321	t	t	t	t
1337	1337	t	t	t	t
1359	1359	t	t	t	t
1369	1369	t	t	t	t
1373	1373	t	t	t	t
1375	1375	t	t	t	t
1377	1377	t	t	t	t
1383	1383	t	t	t	t
1390	1390	t	t	t	t
1396	1396	t	t	t	t
1415	1415	t	t	t	t
1441	1441	t	t	t	t
1506	1506	t	t	t	t
1511	1511	t	t	t	t
1516	1516	t	t	t	t
1524	1524	t	t	t	t
1529	1529	t	t	t	t
1559	1559	t	t	t	t
1568	1568	t	t	t	t
1570	1570	t	t	t	t
1584	1584	t	t	t	t
1595	1595	t	t	t	t
1599	1599	t	t	t	t
1605	1605	t	t	t	t
1610	1610	t	t	t	t
1616	1616	t	t	t	t
1628	1628	t	t	t	t
1648	1648	t	t	t	t
1660	1660	t	t	t	t
1663	1663	t	t	t	t
1678	1678	t	t	t	t
1689	1689	t	t	t	t
1696	1696	t	t	t	t
1693	1693	t	t	t	t
1699	1699	t	t	t	t
1704	1704	t	t	t	t
1713	1713	t	t	t	t
1719	1719	t	t	t	t
1730	1730	t	t	t	t
1740	1740	t	t	t	t
1751	1751	t	t	t	t
1756	1756	t	t	t	t
1772	1772	t	t	t	t
1783	1783	t	t	t	t
1788	1788	t	t	t	t
1808	1808	t	t	t	t
1810	1810	t	t	t	t
1826	1826	t	t	t	t
1833	1833	t	t	t	t
1834	1834	t	t	t	t
1841	1841	t	t	t	t
1842	1842	t	t	t	t
1863	1863	t	t	t	t
1878	1878	t	t	t	t
1888	1888	t	t	t	t
1887	1887	t	t	t	t
1893	1893	t	t	t	t
1911	1911	t	t	t	t
1915	1915	t	t	t	t
1920	1920	t	t	t	t
1944	1944	t	t	t	t
1966	1966	t	t	t	t
2015	2015	t	t	t	t
2019	2019	t	t	t	t
2039	2039	t	t	t	t
2055	2055	t	t	t	t
2063	2063	t	t	t	t
2068	2068	t	t	t	t
2073	2073	t	t	t	t
2077	2077	t	t	t	t
2080	2080	t	t	t	t
189	189	t	t	t	t
202	202	t	t	t	t
218	218	t	t	t	t
224	224	t	t	t	t
231	231	t	t	t	t
245	245	t	t	t	t
250	250	t	t	t	t
291	291	t	t	t	t
299	299	t	t	t	t
300	300	t	t	t	t
302	302	t	t	t	t
310	310	t	t	t	t
315	315	t	t	t	t
318	318	t	t	t	t
332	332	t	t	t	t
341	341	t	t	t	t
354	354	t	t	t	t
357	357	t	t	t	t
360	360	t	t	t	t
392	392	t	t	t	t
398	398	t	t	t	t
400	400	t	t	t	t
405	405	t	t	t	t
429	429	t	t	t	t
433	433	t	t	t	t
436	436	t	t	t	t
449	449	t	t	t	t
470	470	t	t	t	t
488	488	t	t	t	t
491	491	t	t	t	t
493	493	t	t	t	t
509	509	t	t	t	t
542	542	t	t	t	t
551	551	t	t	t	t
557	557	t	t	t	t
570	570	t	t	t	t
603	603	t	t	t	t
613	613	t	t	t	t
619	619	t	t	t	t
635	635	t	t	t	t
638	638	t	t	t	t
641	641	t	t	t	t
652	652	t	t	t	t
655	655	t	t	t	t
664	664	t	t	t	t
667	667	t	t	t	t
687	687	t	t	t	t
689	689	t	t	t	t
693	693	t	t	t	t
701	701	t	t	t	t
708	708	t	t	t	t
712	712	t	t	t	t
721	721	t	t	t	t
729	729	t	t	t	t
730	730	t	t	t	t
739	739	t	t	t	t
751	751	t	t	t	t
759	759	t	t	t	t
767	767	t	t	t	t
774	774	t	t	t	t
787	787	t	t	t	t
793	793	t	t	t	t
800	800	t	t	t	t
816	816	t	t	t	t
819	819	t	t	t	t
826	826	t	t	t	t
832	832	t	t	t	t
841	841	t	t	t	t
845	845	t	t	t	t
853	853	t	t	t	t
858	858	t	t	t	t
863	863	t	t	t	t
873	873	t	t	t	t
885	885	t	t	t	t
892	892	t	t	t	t
894	894	t	t	t	t
912	912	t	t	t	t
919	919	t	t	t	t
936	936	t	t	t	t
943	943	t	t	t	t
944	944	t	t	t	t
955	955	t	t	t	t
974	974	t	t	t	t
992	992	t	t	t	t
1007	1007	t	t	t	t
1013	1013	t	t	t	t
1019	1019	t	t	t	t
1023	1023	t	t	t	t
1024	1024	t	t	t	t
1028	1028	t	t	t	t
1030	1030	t	t	t	t
1031	1031	t	t	t	t
1033	1033	t	t	t	t
1044	1044	t	t	t	t
1047	1047	t	t	t	t
1052	1052	t	t	t	t
1053	1053	t	t	t	t
1055	1055	t	t	t	t
1059	1059	t	t	t	t
1062	1062	t	t	t	t
1065	1065	t	t	t	t
1067	1067	t	t	t	t
1073	1073	t	t	t	t
1093	1093	t	t	t	t
1097	1097	t	t	t	t
1102	1102	t	t	t	t
1106	1106	t	t	t	t
1122	1122	t	t	t	t
1131	1131	t	t	t	t
1143	1143	t	t	t	t
1149	1149	t	t	t	t
1163	1163	t	t	t	t
1170	1170	t	t	t	t
1182	1182	t	t	t	t
1190	1190	t	t	t	t
1198	1198	t	t	t	t
1204	1204	t	t	t	t
1249	1249	t	t	t	t
1271	1271	t	t	t	t
1277	1277	t	t	t	t
1285	1285	t	t	t	t
1291	1291	t	t	t	t
1296	1296	t	t	t	t
1299	1299	t	t	t	t
1322	1322	t	t	t	t
1325	1325	t	t	t	t
1326	1326	t	t	t	t
1331	1331	t	t	t	t
1335	1335	t	t	t	t
1336	1336	t	t	t	t
1345	1345	t	t	t	t
1357	1357	t	t	t	t
1366	1366	t	t	t	t
1372	1372	t	t	t	t
1379	1379	t	t	t	t
1391	1391	t	t	t	t
1394	1394	t	t	t	t
1407	1407	t	t	t	t
1413	1413	t	t	t	t
1420	1420	t	t	t	t
1429	1429	t	t	t	t
1431	1431	t	t	t	t
1449	1449	t	t	t	t
1457	1457	t	t	t	t
1471	1471	t	t	t	t
1481	1481	t	t	t	t
1496	1496	t	t	t	t
1514	1514	t	t	t	t
1540	1540	t	t	t	t
1541	1541	t	t	t	t
1545	1545	t	t	t	t
1557	1557	t	t	t	t
1574	1574	t	t	t	t
1593	1593	t	t	t	t
1600	1600	t	t	t	t
1604	1604	t	t	t	t
1609	1609	t	t	t	t
1617	1617	t	t	t	t
1623	1623	t	t	t	t
1624	1624	t	t	t	t
1634	1634	t	t	t	t
1637	1637	t	t	t	t
1658	1658	t	t	t	t
1672	1672	t	t	t	t
1680	1680	t	t	t	t
1686	1686	t	t	t	t
1691	1691	t	t	t	t
1703	1703	t	t	t	t
1718	1718	t	t	t	t
1738	1738	t	t	t	t
1746	1746	t	t	t	t
1748	1748	t	t	t	t
1754	1754	t	t	t	t
1764	1764	t	t	t	t
1768	1768	t	t	t	t
1780	1780	t	t	t	t
1787	1787	t	t	t	t
1792	1792	t	t	t	t
1798	1798	t	t	t	t
1805	1805	t	t	t	t
1819	1819	t	t	t	t
1825	1825	t	t	t	t
1830	1830	t	t	t	t
1835	1835	t	t	t	t
1858	1858	t	t	t	t
190	190	t	t	t	t
201	201	t	t	t	t
212	212	t	t	t	t
227	227	t	t	t	t
229	229	t	t	t	t
241	241	t	t	t	t
249	249	t	t	t	t
275	275	t	t	t	t
281	281	t	t	t	t
289	289	t	t	t	t
294	294	t	t	t	t
298	298	t	t	t	t
304	304	t	t	t	t
314	314	t	t	t	t
319	319	t	t	t	t
325	325	t	t	t	t
386	386	t	t	t	t
402	402	t	t	t	t
411	411	t	t	t	t
422	422	t	t	t	t
426	426	t	t	t	t
476	476	t	t	t	t
487	487	t	t	t	t
500	500	t	t	t	t
506	506	t	t	t	t
514	514	t	t	t	t
519	519	t	t	t	t
529	529	t	t	t	t
587	587	t	t	t	t
591	591	t	t	t	t
592	592	t	t	t	t
595	595	t	t	t	t
604	604	t	t	t	t
617	617	t	t	t	t
625	625	t	t	t	t
626	626	t	t	t	t
629	629	t	t	t	t
634	634	t	t	t	t
646	646	t	t	t	t
648	648	t	t	t	t
651	651	t	t	t	t
653	653	t	t	t	t
657	657	t	t	t	t
675	675	t	t	t	t
682	682	t	t	t	t
686	686	t	t	t	t
694	694	t	t	t	t
703	703	t	t	t	t
735	735	t	t	t	t
755	755	t	t	t	t
771	771	t	t	t	t
775	775	t	t	t	t
781	781	t	t	t	t
804	804	t	t	t	t
815	815	t	t	t	t
818	818	t	t	t	t
825	825	t	t	t	t
837	837	t	t	t	t
846	846	t	t	t	t
928	928	t	t	t	t
934	934	t	t	t	t
941	941	t	t	t	t
954	954	t	t	t	t
979	979	t	t	t	t
985	985	t	t	t	t
996	996	t	t	t	t
998	998	t	t	t	t
1009	1009	t	t	t	t
1060	1060	t	t	t	t
1061	1061	t	t	t	t
1071	1071	t	t	t	t
1086	1086	t	t	t	t
1090	1090	t	t	t	t
1111	1111	t	t	t	t
1130	1130	t	t	t	t
1138	1138	t	t	t	t
1139	1139	t	t	t	t
1140	1140	t	t	t	t
1151	1151	t	t	t	t
1179	1179	t	t	t	t
1193	1193	t	t	t	t
1197	1197	t	t	t	t
1205	1205	t	t	t	t
1211	1211	t	t	t	t
1215	1215	t	t	t	t
1226	1226	t	t	t	t
1228	1228	t	t	t	t
1241	1241	t	t	t	t
1247	1247	t	t	t	t
1254	1254	t	t	t	t
1260	1260	t	t	t	t
1283	1283	t	t	t	t
1298	1298	t	t	t	t
1312	1312	t	t	t	t
1314	1314	t	t	t	t
1319	1319	t	t	t	t
1323	1323	t	t	t	t
1338	1338	t	t	t	t
1346	1346	t	t	t	t
1351	1351	t	t	t	t
1370	1370	t	t	t	t
1382	1382	t	t	t	t
1385	1385	t	t	t	t
1395	1395	t	t	t	t
1402	1402	t	t	t	t
1410	1410	t	t	t	t
1412	1412	t	t	t	t
1418	1418	t	t	t	t
1439	1439	t	t	t	t
1440	1440	t	t	t	t
1453	1453	t	t	t	t
1455	1455	t	t	t	t
1464	1464	t	t	t	t
1467	1467	t	t	t	t
1480	1480	t	t	t	t
1485	1485	t	t	t	t
1493	1493	t	t	t	t
1499	1499	t	t	t	t
1517	1517	t	t	t	t
1521	1521	t	t	t	t
1531	1531	t	t	t	t
1535	1535	t	t	t	t
1554	1554	t	t	t	t
1558	1558	t	t	t	t
1577	1577	t	t	t	t
1579	1579	t	t	t	t
1586	1586	t	t	t	t
1601	1601	t	t	t	t
1614	1614	t	t	t	t
1620	1620	t	t	t	t
1652	1652	t	t	t	t
1681	1681	t	t	t	t
1684	1684	t	t	t	t
1690	1690	t	t	t	t
1709	1709	t	t	t	t
1732	1732	t	t	t	t
1734	1734	t	t	t	t
1749	1749	t	t	t	t
1757	1757	t	t	t	t
1765	1765	t	t	t	t
1778	1778	t	t	t	t
1784	1784	t	t	t	t
1794	1794	t	t	t	t
1801	1801	t	t	t	t
1804	1804	t	t	t	t
1820	1820	t	t	t	t
1892	1892	t	t	t	t
1898	1898	t	t	t	t
1922	1922	t	t	t	t
1930	1930	t	t	t	t
1935	1935	t	t	t	t
1939	1939	t	t	t	t
1946	1946	t	t	t	t
1954	1954	t	t	t	t
1962	1962	t	t	t	t
2009	2009	t	t	t	t
2029	2029	t	t	t	t
2045	2045	t	t	t	t
2051	2051	t	t	t	t
2091	2091	t	t	t	t
2097	2097	t	t	t	t
2111	2111	t	t	t	t
2113	2113	t	t	t	t
2122	2122	t	t	t	t
2134	2134	t	t	t	t
2146	2146	t	t	t	t
2153	2153	t	t	t	t
2160	2160	t	t	t	t
2169	2169	t	t	t	t
2172	2172	t	t	t	t
2178	2178	t	t	t	t
2183	2183	t	t	t	t
2189	2189	t	t	t	t
2196	2196	t	t	t	t
2223	2223	t	t	t	t
2232	2232	t	t	t	t
2244	2244	t	t	t	t
2261	2261	t	t	t	t
2265	2265	t	t	t	t
2300	2300	t	t	t	t
2311	2311	t	t	t	t
2325	2325	t	t	t	t
2345	2345	t	t	t	t
2352	2352	t	t	t	t
2365	2365	t	t	t	t
192	192	t	t	t	t
199	199	t	t	t	t
211	211	t	t	t	t
225	225	t	t	t	t
230	230	t	t	t	t
238	238	t	t	t	t
242	242	t	t	t	t
248	248	t	t	t	t
262	262	t	t	t	t
264	264	t	t	t	t
265	265	t	t	t	t
272	272	t	t	t	t
279	279	t	t	t	t
290	290	t	t	t	t
303	303	t	t	t	t
307	307	t	t	t	t
324	324	t	t	t	t
330	330	t	t	t	t
340	340	t	t	t	t
345	345	t	t	t	t
384	384	t	t	t	t
391	391	t	t	t	t
397	397	t	t	t	t
404	404	t	t	t	t
409	409	t	t	t	t
438	438	t	t	t	t
454	454	t	t	t	t
458	458	t	t	t	t
478	478	t	t	t	t
485	485	t	t	t	t
494	494	t	t	t	t
498	498	t	t	t	t
508	508	t	t	t	t
511	511	t	t	t	t
527	527	t	t	t	t
530	530	t	t	t	t
535	535	t	t	t	t
540	540	t	t	t	t
577	577	t	t	t	t
584	584	t	t	t	t
599	599	t	t	t	t
605	605	t	t	t	t
621	621	t	t	t	t
633	633	t	t	t	t
643	643	t	t	t	t
684	684	t	t	t	t
697	697	t	t	t	t
713	713	t	t	t	t
725	725	t	t	t	t
732	732	t	t	t	t
734	734	t	t	t	t
757	757	t	t	t	t
761	761	t	t	t	t
769	769	t	t	t	t
790	790	t	t	t	t
799	799	t	t	t	t
807	807	t	t	t	t
831	831	t	t	t	t
836	836	t	t	t	t
840	840	t	t	t	t
843	843	t	t	t	t
850	850	t	t	t	t
860	860	t	t	t	t
880	880	t	t	t	t
881	881	t	t	t	t
889	889	t	t	t	t
895	895	t	t	t	t
902	902	t	t	t	t
906	906	t	t	t	t
935	935	t	t	t	t
949	949	t	t	t	t
953	953	t	t	t	t
959	959	t	t	t	t
962	962	t	t	t	t
969	969	t	t	t	t
995	995	t	t	t	t
999	999	t	t	t	t
1014	1014	t	t	t	t
1020	1020	t	t	t	t
1022	1022	t	t	t	t
1038	1038	t	t	t	t
1057	1057	t	t	t	t
1066	1066	t	t	t	t
1084	1084	t	t	t	t
1085	1085	t	t	t	t
1089	1089	t	t	t	t
1109	1109	t	t	t	t
1114	1114	t	t	t	t
1120	1120	t	t	t	t
1137	1137	t	t	t	t
1141	1141	t	t	t	t
1162	1162	t	t	t	t
1178	1178	t	t	t	t
1180	1180	t	t	t	t
1189	1189	t	t	t	t
1192	1192	t	t	t	t
1216	1216	t	t	t	t
1231	1231	t	t	t	t
1233	1233	t	t	t	t
1245	1245	t	t	t	t
1259	1259	t	t	t	t
1281	1281	t	t	t	t
1292	1292	t	t	t	t
1297	1297	t	t	t	t
1308	1308	t	t	t	t
1327	1327	t	t	t	t
1350	1350	t	t	t	t
1354	1354	t	t	t	t
1386	1386	t	t	t	t
1389	1389	t	t	t	t
1401	1401	t	t	t	t
1406	1406	t	t	t	t
1417	1417	t	t	t	t
1428	1428	t	t	t	t
1432	1432	t	t	t	t
1438	1438	t	t	t	t
1444	1444	t	t	t	t
1447	1447	t	t	t	t
1454	1454	t	t	t	t
1462	1462	t	t	t	t
1474	1474	t	t	t	t
1479	1479	t	t	t	t
1494	1494	t	t	t	t
1504	1504	t	t	t	t
1509	1509	t	t	t	t
1518	1518	t	t	t	t
1527	1527	t	t	t	t
1534	1534	t	t	t	t
1561	1561	t	t	t	t
1578	1578	t	t	t	t
1597	1597	t	t	t	t
1603	1603	t	t	t	t
1615	1615	t	t	t	t
1621	1621	t	t	t	t
1633	1633	t	t	t	t
1645	1645	t	t	t	t
1653	1653	t	t	t	t
1654	1654	t	t	t	t
1677	1677	t	t	t	t
1679	1679	t	t	t	t
1705	1705	t	t	t	t
1712	1712	t	t	t	t
1717	1717	t	t	t	t
1722	1722	t	t	t	t
1731	1731	t	t	t	t
1737	1737	t	t	t	t
1753	1753	t	t	t	t
1766	1766	t	t	t	t
1773	1773	t	t	t	t
1799	1799	t	t	t	t
1821	1821	t	t	t	t
1827	1827	t	t	t	t
1845	1845	t	t	t	t
1849	1849	t	t	t	t
1861	1861	t	t	t	t
1866	1866	t	t	t	t
1870	1870	t	t	t	t
1879	1879	t	t	t	t
1882	1882	t	t	t	t
1889	1889	t	t	t	t
1897	1897	t	t	t	t
1906	1906	t	t	t	t
1912	1912	t	t	t	t
1917	1917	t	t	t	t
1921	1921	t	t	t	t
1925	1925	t	t	t	t
1929	1929	t	t	t	t
1931	1931	t	t	t	t
1933	1933	t	t	t	t
1938	1938	t	t	t	t
1952	1952	t	t	t	t
1965	1965	t	t	t	t
1972	1972	t	t	t	t
1991	1991	t	t	t	t
1993	1993	t	t	t	t
1996	1996	t	t	t	t
2002	2002	t	t	t	t
2007	2007	t	t	t	t
2014	2014	t	t	t	t
2020	2020	t	t	t	t
2030	2030	t	t	t	t
2053	2053	t	t	t	t
2076	2076	t	t	t	t
2078	2078	t	t	t	t
2086	2086	t	t	t	t
193	193	t	t	t	t
196	196	t	t	t	t
206	206	t	t	t	t
210	210	t	t	t	t
213	213	t	t	t	t
875	875	t	t	t	t
236	236	t	t	t	t
261	261	t	t	t	t
273	273	t	t	t	t
296	296	t	t	t	t
323	323	t	t	t	t
329	329	t	t	t	t
343	343	t	t	t	t
347	347	t	t	t	t
348	348	t	t	t	t
363	363	t	t	t	t
365	365	t	t	t	t
378	378	t	t	t	t
385	385	t	t	t	t
395	395	t	t	t	t
403	403	t	t	t	t
420	420	t	t	t	t
421	421	t	t	t	t
425	425	t	t	t	t
427	427	t	t	t	t
437	437	t	t	t	t
441	441	t	t	t	t
446	446	t	t	t	t
452	452	t	t	t	t
457	457	t	t	t	t
461	461	t	t	t	t
466	466	t	t	t	t
480	480	t	t	t	t
490	490	t	t	t	t
512	512	t	t	t	t
525	525	t	t	t	t
532	532	t	t	t	t
536	536	t	t	t	t
545	545	t	t	t	t
552	552	t	t	t	t
553	553	t	t	t	t
561	561	t	t	t	t
567	567	t	t	t	t
568	568	t	t	t	t
572	572	t	t	t	t
578	578	t	t	t	t
589	589	t	t	t	t
600	600	t	t	t	t
607	607	t	t	t	t
609	609	t	t	t	t
618	618	t	t	t	t
622	622	t	t	t	t
628	628	t	t	t	t
637	637	t	t	t	t
640	640	t	t	t	t
659	659	t	t	t	t
676	676	t	t	t	t
679	679	t	t	t	t
710	710	t	t	t	t
724	724	t	t	t	t
738	738	t	t	t	t
745	745	t	t	t	t
748	748	t	t	t	t
764	764	t	t	t	t
780	780	t	t	t	t
786	786	t	t	t	t
792	792	t	t	t	t
802	802	t	t	t	t
814	814	t	t	t	t
820	820	t	t	t	t
849	849	t	t	t	t
861	861	t	t	t	t
866	866	t	t	t	t
878	878	t	t	t	t
882	882	t	t	t	t
886	886	t	t	t	t
901	901	t	t	t	t
905	905	t	t	t	t
908	908	t	t	t	t
911	911	t	t	t	t
927	927	t	t	t	t
933	933	t	t	t	t
942	942	t	t	t	t
958	958	t	t	t	t
966	966	t	t	t	t
971	971	t	t	t	t
976	976	t	t	t	t
987	987	t	t	t	t
994	994	t	t	t	t
1003	1003	t	t	t	t
1016	1016	t	t	t	t
1036	1036	t	t	t	t
1050	1050	t	t	t	t
1068	1068	t	t	t	t
1081	1081	t	t	t	t
1087	1087	t	t	t	t
1100	1100	t	t	t	t
1113	1113	t	t	t	t
1169	1169	t	t	t	t
1176	1176	t	t	t	t
1195	1195	t	t	t	t
1201	1201	t	t	t	t
1212	1212	t	t	t	t
1230	1230	t	t	t	t
1238	1238	t	t	t	t
1244	1244	t	t	t	t
1256	1256	t	t	t	t
1258	1258	t	t	t	t
1264	1264	t	t	t	t
1279	1279	t	t	t	t
1286	1286	t	t	t	t
1290	1290	t	t	t	t
1302	1302	t	t	t	t
1311	1311	t	t	t	t
1320	1320	t	t	t	t
1324	1324	t	t	t	t
1330	1330	t	t	t	t
1341	1341	t	t	t	t
1353	1353	t	t	t	t
1355	1355	t	t	t	t
1387	1387	t	t	t	t
1397	1397	t	t	t	t
1400	1400	t	t	t	t
1408	1408	t	t	t	t
1419	1419	t	t	t	t
1424	1424	t	t	t	t
1434	1434	t	t	t	t
1436	1436	t	t	t	t
1445	1445	t	t	t	t
1448	1448	t	t	t	t
1451	1451	t	t	t	t
1458	1458	t	t	t	t
1459	1459	t	t	t	t
1466	1466	t	t	t	t
1473	1473	t	t	t	t
1478	1478	t	t	t	t
1486	1486	t	t	t	t
1490	1490	t	t	t	t
1495	1495	t	t	t	t
1501	1501	t	t	t	t
1503	1503	t	t	t	t
1505	1505	t	t	t	t
1513	1513	t	t	t	t
1515	1515	t	t	t	t
1520	1520	t	t	t	t
1530	1530	t	t	t	t
1533	1533	t	t	t	t
1548	1548	t	t	t	t
1563	1563	t	t	t	t
1566	1566	t	t	t	t
1573	1573	t	t	t	t
1581	1581	t	t	t	t
1606	1606	t	t	t	t
1611	1611	t	t	t	t
1631	1631	t	t	t	t
1651	1651	t	t	t	t
1670	1670	t	t	t	t
1671	1671	t	t	t	t
1694	1694	t	t	t	t
1707	1707	t	t	t	t
1715	1715	t	t	t	t
1736	1736	t	t	t	t
1741	1741	t	t	t	t
1747	1747	t	t	t	t
1758	1758	t	t	t	t
1763	1763	t	t	t	t
1771	1771	t	t	t	t
1789	1789	t	t	t	t
1793	1793	t	t	t	t
1809	1809	t	t	t	t
1816	1816	t	t	t	t
1832	1832	t	t	t	t
1836	1836	t	t	t	t
1844	1844	t	t	t	t
1847	1847	t	t	t	t
1850	1850	t	t	t	t
1853	1853	t	t	t	t
1856	1856	t	t	t	t
1862	1862	t	t	t	t
1867	1867	t	t	t	t
1873	1873	t	t	t	t
1877	1877	t	t	t	t
1884	1884	t	t	t	t
1904	1904	t	t	t	t
1909	1909	t	t	t	t
197	197	t	t	t	t
208	208	t	t	t	t
214	214	t	t	t	t
216	216	t	t	t	t
220	220	t	t	t	t
222	222	t	t	t	t
223	223	t	t	t	t
226	226	t	t	t	t
247	247	t	t	t	t
253	253	t	t	t	t
256	256	t	t	t	t
282	282	t	t	t	t
288	288	t	t	t	t
305	305	t	t	t	t
306	306	t	t	t	t
311	311	t	t	t	t
320	320	t	t	t	t
383	383	t	t	t	t
387	387	t	t	t	t
388	388	t	t	t	t
417	417	t	t	t	t
444	444	t	t	t	t
468	468	t	t	t	t
471	471	t	t	t	t
479	479	t	t	t	t
484	484	t	t	t	t
495	495	t	t	t	t
497	497	t	t	t	t
501	501	t	t	t	t
503	503	t	t	t	t
515	515	t	t	t	t
520	520	t	t	t	t
524	524	t	t	t	t
539	539	t	t	t	t
547	547	t	t	t	t
554	554	t	t	t	t
559	559	t	t	t	t
571	571	t	t	t	t
596	596	t	t	t	t
611	611	t	t	t	t
616	616	t	t	t	t
630	630	t	t	t	t
647	647	t	t	t	t
656	656	t	t	t	t
709	709	t	t	t	t
715	715	t	t	t	t
720	720	t	t	t	t
726	726	t	t	t	t
746	746	t	t	t	t
773	773	t	t	t	t
789	789	t	t	t	t
796	796	t	t	t	t
830	830	t	t	t	t
838	838	t	t	t	t
839	839	t	t	t	t
842	842	t	t	t	t
847	847	t	t	t	t
856	856	t	t	t	t
862	862	t	t	t	t
869	869	t	t	t	t
872	872	t	t	t	t
876	876	t	t	t	t
893	893	t	t	t	t
903	903	t	t	t	t
904	904	t	t	t	t
913	913	t	t	t	t
921	921	t	t	t	t
945	945	t	t	t	t
950	950	t	t	t	t
957	957	t	t	t	t
972	972	t	t	t	t
978	978	t	t	t	t
983	983	t	t	t	t
988	988	t	t	t	t
997	997	t	t	t	t
1004	1004	t	t	t	t
1017	1017	t	t	t	t
1018	1018	t	t	t	t
1029	1029	t	t	t	t
1034	1034	t	t	t	t
1043	1043	t	t	t	t
1046	1046	t	t	t	t
1075	1075	t	t	t	t
1083	1083	t	t	t	t
1091	1091	t	t	t	t
1095	1095	t	t	t	t
1121	1121	t	t	t	t
1123	1123	t	t	t	t
1128	1128	t	t	t	t
1132	1132	t	t	t	t
1136	1136	t	t	t	t
1146	1146	t	t	t	t
1147	1147	t	t	t	t
1153	1153	t	t	t	t
1161	1161	t	t	t	t
1164	1164	t	t	t	t
1172	1172	t	t	t	t
1181	1181	t	t	t	t
1187	1187	t	t	t	t
1202	1202	t	t	t	t
1203	1203	t	t	t	t
1214	1214	t	t	t	t
1222	1222	t	t	t	t
1227	1227	t	t	t	t
1232	1232	t	t	t	t
1273	1273	t	t	t	t
1275	1275	t	t	t	t
1284	1284	t	t	t	t
1301	1301	t	t	t	t
1305	1305	t	t	t	t
1313	1313	t	t	t	t
1317	1317	t	t	t	t
1334	1334	t	t	t	t
1343	1343	t	t	t	t
1364	1364	t	t	t	t
1381	1381	t	t	t	t
1392	1392	t	t	t	t
1393	1393	t	t	t	t
1403	1403	t	t	t	t
1405	1405	t	t	t	t
1437	1437	t	t	t	t
1442	1442	t	t	t	t
1452	1452	t	t	t	t
1465	1465	t	t	t	t
1482	1482	t	t	t	t
1487	1487	t	t	t	t
1508	1508	t	t	t	t
1512	1512	t	t	t	t
1536	1536	t	t	t	t
1538	1538	t	t	t	t
1551	1551	t	t	t	t
1569	1569	t	t	t	t
1594	1594	t	t	t	t
1598	1598	t	t	t	t
1607	1607	t	t	t	t
1613	1613	t	t	t	t
1632	1632	t	t	t	t
1650	1650	t	t	t	t
1655	1655	t	t	t	t
1664	1664	t	t	t	t
1668	1668	t	t	t	t
1687	1687	t	t	t	t
1692	1692	t	t	t	t
1700	1700	t	t	t	t
1706	1706	t	t	t	t
1714	1714	t	t	t	t
1721	1721	t	t	t	t
1739	1739	t	t	t	t
1742	1742	t	t	t	t
1745	1745	t	t	t	t
1750	1750	t	t	t	t
1761	1761	t	t	t	t
1770	1770	t	t	t	t
1774	1774	t	t	t	t
1779	1779	t	t	t	t
1785	1785	t	t	t	t
1796	1796	t	t	t	t
1806	1806	t	t	t	t
1815	1815	t	t	t	t
1822	1822	t	t	t	t
1828	1828	t	t	t	t
1854	1854	t	t	t	t
1857	1857	t	t	t	t
1864	1864	t	t	t	t
1876	1876	t	t	t	t
1885	1885	t	t	t	t
1891	1891	t	t	t	t
1900	1900	t	t	t	t
1905	1905	t	t	t	t
1908	1908	t	t	t	t
1956	1956	t	t	t	t
1957	1957	t	t	t	t
1970	1970	t	t	t	t
1975	1975	t	t	t	t
1976	1976	t	t	t	t
1981	1981	t	t	t	t
1982	1982	t	t	t	t
2004	2004	t	t	t	t
2008	2008	t	t	t	t
2024	2024	t	t	t	t
2025	2025	t	t	t	t
2044	2044	t	t	t	t
2054	2054	t	t	t	t
2061	2061	t	t	t	t
2066	2066	t	t	t	t
198	198	t	t	t	t
207	207	t	t	t	t
215	215	t	t	t	t
228	228	t	t	t	t
240	240	t	t	t	t
260	260	t	t	t	t
274	274	t	t	t	t
283	283	t	t	t	t
287	287	t	t	t	t
292	292	t	t	t	t
308	308	t	t	t	t
312	312	t	t	t	t
313	313	t	t	t	t
317	317	t	t	t	t
335	335	t	t	t	t
336	336	t	t	t	t
346	346	t	t	t	t
351	351	t	t	t	t
364	364	t	t	t	t
372	372	t	t	t	t
375	375	t	t	t	t
389	389	t	t	t	t
396	396	t	t	t	t
401	401	t	t	t	t
410	410	t	t	t	t
413	413	t	t	t	t
434	434	t	t	t	t
442	442	t	t	t	t
451	451	t	t	t	t
469	469	t	t	t	t
483	483	t	t	t	t
486	486	t	t	t	t
489	489	t	t	t	t
492	492	t	t	t	t
496	496	t	t	t	t
504	504	t	t	t	t
505	505	t	t	t	t
523	523	t	t	t	t
526	526	t	t	t	t
538	538	t	t	t	t
543	543	t	t	t	t
549	549	t	t	t	t
558	558	t	t	t	t
565	565	t	t	t	t
569	569	t	t	t	t
586	586	t	t	t	t
594	594	t	t	t	t
598	598	t	t	t	t
610	610	t	t	t	t
615	615	t	t	t	t
636	636	t	t	t	t
639	639	t	t	t	t
650	650	t	t	t	t
663	663	t	t	t	t
665	665	t	t	t	t
666	666	t	t	t	t
672	672	t	t	t	t
698	698	t	t	t	t
707	707	t	t	t	t
716	716	t	t	t	t
728	728	t	t	t	t
736	736	t	t	t	t
737	737	t	t	t	t
742	742	t	t	t	t
744	744	t	t	t	t
749	749	t	t	t	t
754	754	t	t	t	t
765	765	t	t	t	t
776	776	t	t	t	t
778	778	t	t	t	t
784	784	t	t	t	t
801	801	t	t	t	t
813	813	t	t	t	t
822	822	t	t	t	t
828	828	t	t	t	t
834	834	t	t	t	t
844	844	t	t	t	t
864	864	t	t	t	t
891	891	t	t	t	t
898	898	t	t	t	t
917	917	t	t	t	t
923	923	t	t	t	t
929	929	t	t	t	t
940	940	t	t	t	t
947	947	t	t	t	t
951	951	t	t	t	t
960	960	t	t	t	t
963	963	t	t	t	t
968	968	t	t	t	t
980	980	t	t	t	t
1001	1001	t	t	t	t
1005	1005	t	t	t	t
1012	1012	t	t	t	t
1042	1042	t	t	t	t
1054	1054	t	t	t	t
1056	1056	t	t	t	t
1063	1063	t	t	t	t
1077	1077	t	t	t	t
1079	1079	t	t	t	t
1088	1088	t	t	t	t
1099	1099	t	t	t	t
1104	1104	t	t	t	t
1108	1108	t	t	t	t
1118	1118	t	t	t	t
1125	1125	t	t	t	t
1142	1142	t	t	t	t
1165	1165	t	t	t	t
1171	1171	t	t	t	t
1177	1177	t	t	t	t
1185	1185	t	t	t	t
1199	1199	t	t	t	t
1209	1209	t	t	t	t
1223	1223	t	t	t	t
1236	1236	t	t	t	t
1242	1242	t	t	t	t
1253	1253	t	t	t	t
1268	1268	t	t	t	t
1274	1274	t	t	t	t
1294	1294	t	t	t	t
1315	1315	t	t	t	t
1340	1340	t	t	t	t
1344	1344	t	t	t	t
1352	1352	t	t	t	t
1363	1363	t	t	t	t
1367	1367	t	t	t	t
1409	1409	t	t	t	t
1425	1425	t	t	t	t
1450	1450	t	t	t	t
1460	1460	t	t	t	t
1476	1476	t	t	t	t
1488	1488	t	t	t	t
1502	1502	t	t	t	t
1507	1507	t	t	t	t
1526	1526	t	t	t	t
1532	1532	t	t	t	t
1537	1537	t	t	t	t
1762	1762	t	t	t	t
1550	1550	t	t	t	t
1555	1555	t	t	t	t
1562	1562	t	t	t	t
1565	1565	t	t	t	t
1575	1575	t	t	t	t
1591	1591	t	t	t	t
1596	1596	t	t	t	t
1640	1640	t	t	t	t
1642	1642	t	t	t	t
1667	1667	t	t	t	t
1676	1676	t	t	t	t
1685	1685	t	t	t	t
1697	1697	t	t	t	t
1708	1708	t	t	t	t
1711	1711	t	t	t	t
1716	1716	t	t	t	t
1720	1720	t	t	t	t
1727	1727	t	t	t	t
1733	1733	t	t	t	t
1743	1743	t	t	t	t
1752	1752	t	t	t	t
1755	1755	t	t	t	t
1802	1802	t	t	t	t
1812	1812	t	t	t	t
1818	1818	t	t	t	t
1823	1823	t	t	t	t
1839	1839	t	t	t	t
1840	1840	t	t	t	t
1843	1843	t	t	t	t
1848	1848	t	t	t	t
1851	1851	t	t	t	t
1868	1868	t	t	t	t
1872	1872	t	t	t	t
1880	1880	t	t	t	t
1886	1886	t	t	t	t
1894	1894	t	t	t	t
1901	1901	t	t	t	t
1902	1902	t	t	t	t
1903	1903	t	t	t	t
1910	1910	t	t	t	t
1916	1916	t	t	t	t
1926	1926	t	t	t	t
1927	1927	t	t	t	t
1943	1943	t	t	t	t
1948	1948	t	t	t	t
1960	1960	t	t	t	t
1967	1967	t	t	t	t
1973	1973	t	t	t	t
200	200	t	t	t	t
221	221	t	t	t	t
235	235	t	t	t	t
237	237	t	t	t	t
244	244	t	t	t	t
259	259	t	t	t	t
268	268	t	t	t	t
276	276	t	t	t	t
277	277	t	t	t	t
285	285	t	t	t	t
301	301	t	t	t	t
321	321	t	t	t	t
331	331	t	t	t	t
338	338	t	t	t	t
367	367	t	t	t	t
369	369	t	t	t	t
376	376	t	t	t	t
377	377	t	t	t	t
380	380	t	t	t	t
393	393	t	t	t	t
399	399	t	t	t	t
407	407	t	t	t	t
414	414	t	t	t	t
415	415	t	t	t	t
419	419	t	t	t	t
430	430	t	t	t	t
431	431	t	t	t	t
439	439	t	t	t	t
448	448	t	t	t	t
464	464	t	t	t	t
467	467	t	t	t	t
472	472	t	t	t	t
473	473	t	t	t	t
475	475	t	t	t	t
482	482	t	t	t	t
516	516	t	t	t	t
541	541	t	t	t	t
548	548	t	t	t	t
556	556	t	t	t	t
564	564	t	t	t	t
574	574	t	t	t	t
579	579	t	t	t	t
582	582	t	t	t	t
597	597	t	t	t	t
606	606	t	t	t	t
642	642	t	t	t	t
644	644	t	t	t	t
658	658	t	t	t	t
662	662	t	t	t	t
674	674	t	t	t	t
699	699	t	t	t	t
706	706	t	t	t	t
714	714	t	t	t	t
722	722	t	t	t	t
753	753	t	t	t	t
763	763	t	t	t	t
766	766	t	t	t	t
782	782	t	t	t	t
794	794	t	t	t	t
805	805	t	t	t	t
809	809	t	t	t	t
817	817	t	t	t	t
833	833	t	t	t	t
854	854	t	t	t	t
874	874	t	t	t	t
890	890	t	t	t	t
900	900	t	t	t	t
915	915	t	t	t	t
924	924	t	t	t	t
932	932	t	t	t	t
937	937	t	t	t	t
946	946	t	t	t	t
952	952	t	t	t	t
956	956	t	t	t	t
961	961	t	t	t	t
977	977	t	t	t	t
982	982	t	t	t	t
986	986	t	t	t	t
1002	1002	t	t	t	t
1008	1008	t	t	t	t
1015	1015	t	t	t	t
1037	1037	t	t	t	t
1041	1041	t	t	t	t
1058	1058	t	t	t	t
1069	1069	t	t	t	t
1101	1101	t	t	t	t
1103	1103	t	t	t	t
1112	1112	t	t	t	t
1116	1116	t	t	t	t
1126	1126	t	t	t	t
1135	1135	t	t	t	t
1150	1150	t	t	t	t
1152	1152	t	t	t	t
1159	1159	t	t	t	t
1191	1191	t	t	t	t
1208	1208	t	t	t	t
1218	1218	t	t	t	t
1225	1225	t	t	t	t
1235	1235	t	t	t	t
1240	1240	t	t	t	t
1246	1246	t	t	t	t
1265	1265	t	t	t	t
1272	1272	t	t	t	t
1276	1276	t	t	t	t
1332	1332	t	t	t	t
1348	1348	t	t	t	t
1349	1349	t	t	t	t
1358	1358	t	t	t	t
1374	1374	t	t	t	t
1380	1380	t	t	t	t
1414	1414	t	t	t	t
1421	1421	t	t	t	t
1423	1423	t	t	t	t
1426	1426	t	t	t	t
1430	1430	t	t	t	t
1433	1433	t	t	t	t
1435	1435	t	t	t	t
1446	1446	t	t	t	t
1461	1461	t	t	t	t
1469	1469	t	t	t	t
1475	1475	t	t	t	t
1484	1484	t	t	t	t
1489	1489	t	t	t	t
1497	1497	t	t	t	t
1539	1539	t	t	t	t
1542	1542	t	t	t	t
1549	1549	t	t	t	t
1552	1552	t	t	t	t
1553	1553	t	t	t	t
1556	1556	t	t	t	t
1567	1567	t	t	t	t
1571	1571	t	t	t	t
1583	1583	t	t	t	t
1587	1587	t	t	t	t
1589	1589	t	t	t	t
1590	1590	t	t	t	t
1612	1612	t	t	t	t
1619	1619	t	t	t	t
1622	1622	t	t	t	t
1625	1625	t	t	t	t
1626	1626	t	t	t	t
1627	1627	t	t	t	t
1649	1649	t	t	t	t
1656	1656	t	t	t	t
1661	1661	t	t	t	t
1666	1666	t	t	t	t
1673	1673	t	t	t	t
1682	1682	t	t	t	t
1688	1688	t	t	t	t
1695	1695	t	t	t	t
1702	1702	t	t	t	t
1723	1723	t	t	t	t
1725	1725	t	t	t	t
1735	1735	t	t	t	t
1744	1744	t	t	t	t
1769	1769	t	t	t	t
1776	1776	t	t	t	t
1781	1781	t	t	t	t
1795	1795	t	t	t	t
1800	1800	t	t	t	t
1803	1803	t	t	t	t
1813	1813	t	t	t	t
1817	1817	t	t	t	t
1824	1824	t	t	t	t
1831	1831	t	t	t	t
1859	1859	t	t	t	t
1928	1928	t	t	t	t
1932	1932	t	t	t	t
1940	1940	t	t	t	t
1947	1947	t	t	t	t
1955	1955	t	t	t	t
1961	1961	t	t	t	t
1977	1977	t	t	t	t
1990	1990	t	t	t	t
1999	1999	t	t	t	t
2006	2006	t	t	t	t
2023	2023	t	t	t	t
2026	2026	t	t	t	t
2038	2038	t	t	t	t
2041	2041	t	t	t	t
2050	2050	t	t	t	t
2062	2062	t	t	t	t
2067	2067	t	t	t	t
2084	2084	t	t	t	t
2093	2093	t	t	t	t
203	203	t	t	t	t
219	219	t	t	t	t
232	232	t	t	t	t
239	239	t	t	t	t
243	243	t	t	t	t
246	246	t	t	t	t
251	251	t	t	t	t
252	252	t	t	t	t
254	254	t	t	t	t
258	258	t	t	t	t
267	267	t	t	t	t
280	280	t	t	t	t
284	284	t	t	t	t
293	293	t	t	t	t
297	297	t	t	t	t
322	322	t	t	t	t
326	326	t	t	t	t
344	344	t	t	t	t
349	349	t	t	t	t
353	353	t	t	t	t
355	355	t	t	t	t
361	361	t	t	t	t
418	418	t	t	t	t
423	423	t	t	t	t
435	435	t	t	t	t
440	440	t	t	t	t
447	447	t	t	t	t
450	450	t	t	t	t
455	455	t	t	t	t
460	460	t	t	t	t
462	462	t	t	t	t
463	463	t	t	t	t
507	507	t	t	t	t
513	513	t	t	t	t
517	517	t	t	t	t
518	518	t	t	t	t
528	528	t	t	t	t
537	537	t	t	t	t
544	544	t	t	t	t
563	563	t	t	t	t
573	573	t	t	t	t
576	576	t	t	t	t
585	585	t	t	t	t
590	590	t	t	t	t
593	593	t	t	t	t
623	623	t	t	t	t
631	631	t	t	t	t
632	632	t	t	t	t
669	669	t	t	t	t
670	670	t	t	t	t
680	680	t	t	t	t
683	683	t	t	t	t
685	685	t	t	t	t
688	688	t	t	t	t
691	691	t	t	t	t
695	695	t	t	t	t
700	700	t	t	t	t
704	704	t	t	t	t
717	717	t	t	t	t
718	718	t	t	t	t
719	719	t	t	t	t
731	731	t	t	t	t
733	733	t	t	t	t
756	756	t	t	t	t
768	768	t	t	t	t
777	777	t	t	t	t
798	798	t	t	t	t
803	803	t	t	t	t
808	808	t	t	t	t
824	824	t	t	t	t
851	851	t	t	t	t
852	852	t	t	t	t
884	884	t	t	t	t
907	907	t	t	t	t
910	910	t	t	t	t
918	918	t	t	t	t
965	965	t	t	t	t
970	970	t	t	t	t
984	984	t	t	t	t
990	990	t	t	t	t
1000	1000	t	t	t	t
1006	1006	t	t	t	t
1011	1011	t	t	t	t
1021	1021	t	t	t	t
1027	1027	t	t	t	t
1035	1035	t	t	t	t
1045	1045	t	t	t	t
1074	1074	t	t	t	t
1078	1078	t	t	t	t
1080	1080	t	t	t	t
1098	1098	t	t	t	t
1105	1105	t	t	t	t
1115	1115	t	t	t	t
1117	1117	t	t	t	t
1124	1124	t	t	t	t
1127	1127	t	t	t	t
1134	1134	t	t	t	t
1144	1144	t	t	t	t
1154	1154	t	t	t	t
1160	1160	t	t	t	t
1166	1166	t	t	t	t
1174	1174	t	t	t	t
1184	1184	t	t	t	t
1196	1196	t	t	t	t
1217	1217	t	t	t	t
1229	1229	t	t	t	t
1234	1234	t	t	t	t
1239	1239	t	t	t	t
1252	1252	t	t	t	t
1261	1261	t	t	t	t
1266	1266	t	t	t	t
1280	1280	t	t	t	t
1288	1288	t	t	t	t
1293	1293	t	t	t	t
1303	1303	t	t	t	t
1328	1328	t	t	t	t
1347	1347	t	t	t	t
1360	1360	t	t	t	t
1361	1361	t	t	t	t
1362	1362	t	t	t	t
1371	1371	t	t	t	t
1376	1376	t	t	t	t
1384	1384	t	t	t	t
1388	1388	t	t	t	t
1398	1398	t	t	t	t
1404	1404	t	t	t	t
1411	1411	t	t	t	t
1416	1416	t	t	t	t
1427	1427	t	t	t	t
1470	1470	t	t	t	t
1472	1472	t	t	t	t
1483	1483	t	t	t	t
1492	1492	t	t	t	t
1500	1500	t	t	t	t
1510	1510	t	t	t	t
1528	1528	t	t	t	t
1544	1544	t	t	t	t
1546	1546	t	t	t	t
1547	1547	t	t	t	t
1560	1560	t	t	t	t
1572	1572	t	t	t	t
1582	1582	t	t	t	t
1592	1592	t	t	t	t
1608	1608	t	t	t	t
1618	1618	t	t	t	t
1630	1630	t	t	t	t
1635	1635	t	t	t	t
1639	1639	t	t	t	t
1641	1641	t	t	t	t
1646	1646	t	t	t	t
1647	1647	t	t	t	t
1659	1659	t	t	t	t
1665	1665	t	t	t	t
1669	1669	t	t	t	t
1674	1674	t	t	t	t
1683	1683	t	t	t	t
1698	1698	t	t	t	t
1710	1710	t	t	t	t
1724	1724	t	t	t	t
1728	1728	t	t	t	t
1775	1775	t	t	t	t
1790	1790	t	t	t	t
1791	1791	t	t	t	t
1797	1797	t	t	t	t
1811	1811	t	t	t	t
1837	1837	t	t	t	t
1855	1855	t	t	t	t
1860	1860	t	t	t	t
1869	1869	t	t	t	t
1875	1875	t	t	t	t
1881	1881	t	t	t	t
1883	1883	t	t	t	t
1890	1890	t	t	t	t
1895	1895	t	t	t	t
1907	1907	t	t	t	t
1913	1913	t	t	t	t
1914	1914	t	t	t	t
1918	1918	t	t	t	t
1941	1941	t	t	t	t
1949	1949	t	t	t	t
1953	1953	t	t	t	t
1968	1968	t	t	t	t
1969	1969	t	t	t	t
1971	1971	t	t	t	t
1979	1979	t	t	t	t
1865	1865	t	t	t	t
1874	1874	t	t	t	t
1919	1919	t	t	t	t
1937	1937	t	t	t	t
1945	1945	t	t	t	t
1959	1959	t	t	t	t
1964	1964	t	t	t	t
1978	1978	t	t	t	t
1985	1985	t	t	t	t
1995	1995	t	t	t	t
1997	1997	t	t	t	t
2001	2001	t	t	t	t
2012	2012	t	t	t	t
2013	2013	t	t	t	t
2016	2016	t	t	t	t
2037	2037	t	t	t	t
2048	2048	t	t	t	t
2058	2058	t	t	t	t
2069	2069	t	t	t	t
2082	2082	t	t	t	t
2098	2098	t	t	t	t
2100	2100	t	t	t	t
2105	2105	t	t	t	t
2103	2103	t	t	t	t
2108	2108	t	t	t	t
2110	2110	t	t	t	t
2112	2112	t	t	t	t
2114	2114	t	t	t	t
2121	2121	t	t	t	t
2127	2127	t	t	t	t
2130	2130	t	t	t	t
2137	2137	t	t	t	t
2155	2155	t	t	t	t
2159	2159	t	t	t	t
2167	2167	t	t	t	t
2187	2187	t	t	t	t
2195	2195	t	t	t	t
2218	2218	t	t	t	t
2250	2250	t	t	t	t
2269	2269	t	t	t	t
2273	2273	t	t	t	t
2285	2285	t	t	t	t
2303	2303	t	t	t	t
2318	2318	t	t	t	t
2327	2327	t	t	t	t
2338	2338	t	t	t	t
2346	2346	t	t	t	t
2357	2357	t	t	t	t
2362	2362	t	t	t	t
2363	2363	t	t	t	t
2395	2395	t	t	t	t
2440	2440	t	t	t	t
2471	2471	t	t	t	t
2488	2488	t	t	t	t
2489	2489	t	t	t	t
2496	2496	t	t	t	t
2504	2504	t	t	t	t
2513	2513	t	t	t	t
2516	2516	t	t	t	t
2561	2561	t	t	t	t
2582	2582	t	t	t	t
2594	2594	t	t	t	t
2601	2601	t	t	t	t
2613	2613	t	t	t	t
2619	2619	t	t	t	t
2640	2640	t	t	t	t
2644	2644	t	t	t	t
2647	2647	t	t	t	t
2662	2662	t	t	t	t
2670	2670	t	t	t	t
2676	2676	t	t	t	t
2680	2680	t	t	t	t
2710	2710	t	t	t	t
2755	2755	t	t	t	t
2769	2769	t	t	t	t
2795	2795	t	t	t	t
2818	2818	t	t	t	t
2821	2821	t	t	t	t
2840	2840	t	t	t	t
2862	2862	t	t	t	t
2869	2869	t	t	t	t
2915	2915	t	t	t	t
2933	2933	t	t	t	t
2957	2957	t	t	t	t
1924	1924	t	t	t	t
1934	1934	t	t	t	t
1936	1936	t	t	t	t
1942	1942	t	t	t	t
1951	1951	t	t	t	t
1984	1984	t	t	t	t
1987	1987	t	t	t	t
1988	1988	t	t	t	t
1994	1994	t	t	t	t
2005	2005	t	t	t	t
2011	2011	t	t	t	t
2033	2033	t	t	t	t
2043	2043	t	t	t	t
2057	2057	t	t	t	t
2085	2085	t	t	t	t
2095	2095	t	t	t	t
2102	2102	t	t	t	t
2115	2115	t	t	t	t
2131	2131	t	t	t	t
2140	2140	t	t	t	t
2157	2157	t	t	t	t
2179	2179	t	t	t	t
2184	2184	t	t	t	t
2190	2190	t	t	t	t
2200	2200	t	t	t	t
2203	2203	t	t	t	t
2207	2207	t	t	t	t
2216	2216	t	t	t	t
2217	2217	t	t	t	t
2225	2225	t	t	t	t
2239	2239	t	t	t	t
2246	2246	t	t	t	t
2257	2257	t	t	t	t
2272	2272	t	t	t	t
2284	2284	t	t	t	t
2296	2296	t	t	t	t
2316	2316	t	t	t	t
2330	2330	t	t	t	t
2336	2336	t	t	t	t
2396	2396	t	t	t	t
2423	2423	t	t	t	t
2434	2434	t	t	t	t
2459	2459	t	t	t	t
2469	2469	t	t	t	t
2497	2497	t	t	t	t
2514	2514	t	t	t	t
2518	2518	t	t	t	t
2520	2520	t	t	t	t
2538	2538	t	t	t	t
2564	2564	t	t	t	t
2573	2573	t	t	t	t
2583	2583	t	t	t	t
2611	2611	t	t	t	t
2617	2617	t	t	t	t
2633	2633	t	t	t	t
2654	2654	t	t	t	t
2704	2704	t	t	t	t
2713	2713	t	t	t	t
2714	2714	t	t	t	t
2728	2728	t	t	t	t
2735	2735	t	t	t	t
2754	2754	t	t	t	t
2756	2756	t	t	t	t
2782	2782	t	t	t	t
2802	2802	t	t	t	t
2816	2816	t	t	t	t
2838	2838	t	t	t	t
2859	2859	t	t	t	t
2884	2884	t	t	t	t
2961	2961	t	t	t	t
1958	1958	t	t	t	t
1963	1963	t	t	t	t
1974	1974	t	t	t	t
1980	1980	t	t	t	t
1986	1986	t	t	t	t
1989	1989	t	t	t	t
2010	2010	t	t	t	t
2018	2018	t	t	t	t
2032	2032	t	t	t	t
2035	2035	t	t	t	t
2040	2040	t	t	t	t
2042	2042	t	t	t	t
2047	2047	t	t	t	t
2059	2059	t	t	t	t
2065	2065	t	t	t	t
2074	2074	t	t	t	t
2087	2087	t	t	t	t
2106	2106	t	t	t	t
2107	2107	t	t	t	t
2118	2118	t	t	t	t
2125	2125	t	t	t	t
2138	2138	t	t	t	t
2144	2144	t	t	t	t
2147	2147	t	t	t	t
2151	2151	t	t	t	t
2194	2194	t	t	t	t
2198	2198	t	t	t	t
2213	2213	t	t	t	t
2221	2221	t	t	t	t
2234	2234	t	t	t	t
2235	2235	t	t	t	t
2252	2252	t	t	t	t
2264	2264	t	t	t	t
2274	2274	t	t	t	t
2283	2283	t	t	t	t
2294	2294	t	t	t	t
2297	2297	t	t	t	t
2305	2305	t	t	t	t
2314	2314	t	t	t	t
2322	2322	t	t	t	t
2323	2323	t	t	t	t
2326	2326	t	t	t	t
2332	2332	t	t	t	t
2344	2344	t	t	t	t
2350	2350	t	t	t	t
2394	2394	t	t	t	t
2437	2437	t	t	t	t
2447	2447	t	t	t	t
2460	2460	t	t	t	t
2521	2521	t	t	t	t
2548	2548	t	t	t	t
2565	2565	t	t	t	t
2576	2576	t	t	t	t
2618	2618	t	t	t	t
2625	2625	t	t	t	t
2669	2669	t	t	t	t
2761	2761	t	t	t	t
2767	2767	t	t	t	t
2834	2834	t	t	t	t
2868	2868	t	t	t	t
2875	2875	t	t	t	t
2885	2885	t	t	t	t
2908	2908	t	t	t	t
2917	2917	t	t	t	t
2931	2931	t	t	t	t
2943	2943	t	t	t	t
1983	1983	t	t	t	t
1992	1992	t	t	t	t
1998	1998	t	t	t	t
2017	2017	t	t	t	t
2021	2021	t	t	t	t
2027	2027	t	t	t	t
2031	2031	t	t	t	t
2036	2036	t	t	t	t
2046	2046	t	t	t	t
2049	2049	t	t	t	t
2083	2083	t	t	t	t
2094	2094	t	t	t	t
2099	2099	t	t	t	t
2132	2132	t	t	t	t
2142	2142	t	t	t	t
2154	2154	t	t	t	t
2165	2165	t	t	t	t
2180	2180	t	t	t	t
2185	2185	t	t	t	t
2193	2193	t	t	t	t
2210	2210	t	t	t	t
2222	2222	t	t	t	t
2226	2226	t	t	t	t
2242	2242	t	t	t	t
2251	2251	t	t	t	t
2253	2253	t	t	t	t
2259	2259	t	t	t	t
2263	2263	t	t	t	t
2266	2266	t	t	t	t
2270	2270	t	t	t	t
2275	2275	t	t	t	t
2279	2279	t	t	t	t
2289	2289	t	t	t	t
2310	2310	t	t	t	t
2312	2312	t	t	t	t
2324	2324	t	t	t	t
2333	2333	t	t	t	t
2339	2339	t	t	t	t
2398	2398	t	t	t	t
2421	2421	t	t	t	t
2457	2457	t	t	t	t
2470	2470	t	t	t	t
2482	2482	t	t	t	t
2535	2535	t	t	t	t
2547	2547	t	t	t	t
2566	2566	t	t	t	t
2595	2595	t	t	t	t
2604	2604	t	t	t	t
2622	2622	t	t	t	t
2632	2632	t	t	t	t
2715	2715	t	t	t	t
2722	2722	t	t	t	t
2746	2746	t	t	t	t
2752	2752	t	t	t	t
2762	2762	t	t	t	t
2783	2783	t	t	t	t
2797	2797	t	t	t	t
2830	2830	t	t	t	t
2860	2860	t	t	t	t
2864	2864	t	t	t	t
2865	2865	t	t	t	t
2866	2866	t	t	t	t
2879	2879	t	t	t	t
2881	2881	t	t	t	t
2889	2889	t	t	t	t
2909	2909	t	t	t	t
2945	2945	t	t	t	t
2953	2953	t	t	t	t
2000	2000	t	t	t	t
2003	2003	t	t	t	t
2022	2022	t	t	t	t
2028	2028	t	t	t	t
2034	2034	t	t	t	t
2052	2052	t	t	t	t
2056	2056	t	t	t	t
2060	2060	t	t	t	t
2064	2064	t	t	t	t
2070	2070	t	t	t	t
2075	2075	t	t	t	t
2081	2081	t	t	t	t
2088	2088	t	t	t	t
2109	2109	t	t	t	t
2120	2120	t	t	t	t
2124	2124	t	t	t	t
2129	2129	t	t	t	t
2143	2143	t	t	t	t
2161	2161	t	t	t	t
2164	2164	t	t	t	t
2176	2176	t	t	t	t
2181	2181	t	t	t	t
2191	2191	t	t	t	t
2192	2192	t	t	t	t
2199	2199	t	t	t	t
2205	2205	t	t	t	t
2230	2230	t	t	t	t
2233	2233	t	t	t	t
2241	2241	t	t	t	t
2247	2247	t	t	t	t
2256	2256	t	t	t	t
2267	2267	t	t	t	t
2277	2277	t	t	t	t
2278	2278	t	t	t	t
2282	2282	t	t	t	t
2288	2288	t	t	t	t
2290	2290	t	t	t	t
2309	2309	t	t	t	t
2317	2317	t	t	t	t
2329	2329	t	t	t	t
2355	2355	t	t	t	t
2361	2361	t	t	t	t
2406	2406	t	t	t	t
2419	2419	t	t	t	t
2422	2422	t	t	t	t
2438	2438	t	t	t	t
2446	2446	t	t	t	t
2498	2498	t	t	t	t
2519	2519	t	t	t	t
2530	2530	t	t	t	t
2550	2550	t	t	t	t
2585	2585	t	t	t	t
2603	2603	t	t	t	t
2649	2649	t	t	t	t
2678	2678	t	t	t	t
2709	2709	t	t	t	t
2716	2716	t	t	t	t
2721	2721	t	t	t	t
2748	2748	t	t	t	t
2771	2771	t	t	t	t
2800	2800	t	t	t	t
2820	2820	t	t	t	t
2831	2831	t	t	t	t
2845	2845	t	t	t	t
2861	2861	t	t	t	t
2900	2900	t	t	t	t
2929	2929	t	t	t	t
2952	2952	t	t	t	t
2071	2071	t	t	t	t
2072	2072	t	t	t	t
2079	2079	t	t	t	t
2090	2090	t	t	t	t
2135	2135	t	t	t	t
2141	2141	t	t	t	t
2149	2149	t	t	t	t
2156	2156	t	t	t	t
2163	2163	t	t	t	t
2171	2171	t	t	t	t
2186	2186	t	t	t	t
2202	2202	t	t	t	t
2209	2209	t	t	t	t
2212	2212	t	t	t	t
2214	2214	t	t	t	t
2236	2236	t	t	t	t
2245	2245	t	t	t	t
2254	2254	t	t	t	t
2271	2271	t	t	t	t
2281	2281	t	t	t	t
2286	2286	t	t	t	t
2291	2291	t	t	t	t
2301	2301	t	t	t	t
2306	2306	t	t	t	t
2308	2308	t	t	t	t
2315	2315	t	t	t	t
2334	2334	t	t	t	t
2340	2340	t	t	t	t
2358	2358	t	t	t	t
2429	2429	t	t	t	t
2432	2432	t	t	t	t
2442	2442	t	t	t	t
2456	2456	t	t	t	t
2467	2467	t	t	t	t
2486	2486	t	t	t	t
2502	2502	t	t	t	t
2511	2511	t	t	t	t
2534	2534	t	t	t	t
2544	2544	t	t	t	t
2567	2567	t	t	t	t
2572	2572	t	t	t	t
2614	2614	t	t	t	t
2626	2626	t	t	t	t
2650	2650	t	t	t	t
2656	2656	t	t	t	t
2665	2665	t	t	t	t
2679	2679	t	t	t	t
2699	2699	t	t	t	t
2701	2701	t	t	t	t
2707	2707	t	t	t	t
2708	2708	t	t	t	t
2718	2718	t	t	t	t
2730	2730	t	t	t	t
2745	2745	t	t	t	t
2753	2753	t	t	t	t
2759	2759	t	t	t	t
2772	2772	t	t	t	t
2780	2780	t	t	t	t
2794	2794	t	t	t	t
2804	2804	t	t	t	t
2819	2819	t	t	t	t
2833	2833	t	t	t	t
2848	2848	t	t	t	t
2863	2863	t	t	t	t
2870	2870	t	t	t	t
2888	2888	t	t	t	t
2914	2914	t	t	t	t
2949	2949	t	t	t	t
2956	2956	t	t	t	t
2959	2959	t	t	t	t
2960	2960	t	t	t	t
2089	2089	t	t	t	t
2096	2096	t	t	t	t
2126	2126	t	t	t	t
2175	2175	t	t	t	t
2204	2204	t	t	t	t
2206	2206	t	t	t	t
2208	2208	t	t	t	t
2215	2215	t	t	t	t
2228	2228	t	t	t	t
2237	2237	t	t	t	t
2248	2248	t	t	t	t
2260	2260	t	t	t	t
2262	2262	t	t	t	t
2295	2295	t	t	t	t
2299	2299	t	t	t	t
2302	2302	t	t	t	t
2319	2319	t	t	t	t
2321	2321	t	t	t	t
2335	2335	t	t	t	t
2341	2341	t	t	t	t
2348	2348	t	t	t	t
2354	2354	t	t	t	t
2356	2356	t	t	t	t
2359	2359	t	t	t	t
2379	2379	t	t	t	t
2397	2397	t	t	t	t
2407	2407	t	t	t	t
2420	2420	t	t	t	t
2428	2428	t	t	t	t
2433	2433	t	t	t	t
2448	2448	t	t	t	t
2461	2461	t	t	t	t
2466	2466	t	t	t	t
2479	2479	t	t	t	t
2508	2508	t	t	t	t
2515	2515	t	t	t	t
2575	2575	t	t	t	t
2646	2646	t	t	t	t
2648	2648	t	t	t	t
2651	2651	t	t	t	t
2655	2655	t	t	t	t
2657	2657	t	t	t	t
2666	2666	t	t	t	t
2702	2702	t	t	t	t
2706	2706	t	t	t	t
2763	2763	t	t	t	t
2764	2764	t	t	t	t
2796	2796	t	t	t	t
2808	2808	t	t	t	t
2817	2817	t	t	t	t
2841	2841	t	t	t	t
2871	2871	t	t	t	t
2874	2874	t	t	t	t
2882	2882	t	t	t	t
2886	2886	t	t	t	t
2890	2890	t	t	t	t
2920	2920	t	t	t	t
2092	2092	t	t	t	t
2104	2104	t	t	t	t
2128	2128	t	t	t	t
2133	2133	t	t	t	t
2136	2136	t	t	t	t
2148	2148	t	t	t	t
2152	2152	t	t	t	t
2168	2168	t	t	t	t
2173	2173	t	t	t	t
2174	2174	t	t	t	t
2182	2182	t	t	t	t
2211	2211	t	t	t	t
2220	2220	t	t	t	t
2229	2229	t	t	t	t
2231	2231	t	t	t	t
2240	2240	t	t	t	t
2243	2243	t	t	t	t
2249	2249	t	t	t	t
2258	2258	t	t	t	t
2268	2268	t	t	t	t
2276	2276	t	t	t	t
2280	2280	t	t	t	t
2287	2287	t	t	t	t
2293	2293	t	t	t	t
2298	2298	t	t	t	t
2304	2304	t	t	t	t
2313	2313	t	t	t	t
2320	2320	t	t	t	t
2328	2328	t	t	t	t
2337	2337	t	t	t	t
2342	2342	t	t	t	t
2349	2349	t	t	t	t
2351	2351	t	t	t	t
2378	2378	t	t	t	t
2430	2430	t	t	t	t
2449	2449	t	t	t	t
2495	2495	t	t	t	t
2512	2512	t	t	t	t
2537	2537	t	t	t	t
2584	2584	t	t	t	t
2615	2615	t	t	t	t
2620	2620	t	t	t	t
2635	2635	t	t	t	t
2645	2645	t	t	t	t
2661	2661	t	t	t	t
2664	2664	t	t	t	t
2700	2700	t	t	t	t
2732	2732	t	t	t	t
2734	2734	t	t	t	t
2749	2749	t	t	t	t
2750	2750	t	t	t	t
2770	2770	t	t	t	t
2785	2785	t	t	t	t
2839	2839	t	t	t	t
2847	2847	t	t	t	t
2858	2858	t	t	t	t
2873	2873	t	t	t	t
2902	2902	t	t	t	t
2919	2919	t	t	t	t
2930	2930	t	t	t	t
2940	2940	t	t	t	t
2946	2946	t	t	t	t
2947	2947	t	t	t	t
2958	2958	t	t	t	t
2101	2101	t	t	t	t
2116	2116	t	t	t	t
2117	2117	t	t	t	t
2119	2119	t	t	t	t
2123	2123	t	t	t	t
2139	2139	t	t	t	t
2145	2145	t	t	t	t
2150	2150	t	t	t	t
2158	2158	t	t	t	t
2162	2162	t	t	t	t
2166	2166	t	t	t	t
2170	2170	t	t	t	t
2177	2177	t	t	t	t
2188	2188	t	t	t	t
2197	2197	t	t	t	t
2201	2201	t	t	t	t
2219	2219	t	t	t	t
2224	2224	t	t	t	t
2227	2227	t	t	t	t
2238	2238	t	t	t	t
2255	2255	t	t	t	t
2292	2292	t	t	t	t
2307	2307	t	t	t	t
2331	2331	t	t	t	t
2343	2343	t	t	t	t
2347	2347	t	t	t	t
2353	2353	t	t	t	t
2360	2360	t	t	t	t
2364	2364	t	t	t	t
2380	2380	t	t	t	t
2431	2431	t	t	t	t
2439	2439	t	t	t	t
2468	2468	t	t	t	t
2477	2477	t	t	t	t
2478	2478	t	t	t	t
2480	2480	t	t	t	t
2503	2503	t	t	t	t
2505	2505	t	t	t	t
2522	2522	t	t	t	t
2536	2536	t	t	t	t
2549	2549	t	t	t	t
2563	2563	t	t	t	t
2574	2574	t	t	t	t
2602	2602	t	t	t	t
2652	2652	t	t	t	t
2653	2653	t	t	t	t
2658	2658	t	t	t	t
2660	2660	t	t	t	t
2668	2668	t	t	t	t
2672	2672	t	t	t	t
2677	2677	t	t	t	t
2703	2703	t	t	t	t
2705	2705	t	t	t	t
2717	2717	t	t	t	t
2720	2720	t	t	t	t
2727	2727	t	t	t	t
2747	2747	t	t	t	t
2768	2768	t	t	t	t
2781	2781	t	t	t	t
2798	2798	t	t	t	t
2799	2799	t	t	t	t
2837	2837	t	t	t	t
2842	2842	t	t	t	t
2843	2843	t	t	t	t
2844	2844	t	t	t	t
2887	2887	t	t	t	t
2901	2901	t	t	t	t
2918	2918	t	t	t	t
2932	2932	t	t	t	t
2948	2948	t	t	t	t
2955	2955	t	t	t	t
2462	2462	t	t	t	t
2481	2481	t	t	t	t
2490	2490	t	t	t	t
2506	2506	t	t	t	t
2523	2523	t	t	t	t
2551	2551	t	t	t	t
2577	2577	t	t	t	t
2581	2581	t	t	t	t
2586	2586	t	t	t	t
2605	2605	t	t	t	t
2610	2610	t	t	t	t
2612	2612	t	t	t	t
2621	2621	t	t	t	t
2634	2634	t	t	t	t
2659	2659	t	t	t	t
2663	2663	t	t	t	t
2671	2671	t	t	t	t
2719	2719	t	t	t	t
2729	2729	t	t	t	t
2733	2733	t	t	t	t
2757	2757	t	t	t	t
2760	2760	t	t	t	t
2784	2784	t	t	t	t
2807	2807	t	t	t	t
2809	2809	t	t	t	t
2832	2832	t	t	t	t
2835	2835	t	t	t	t
2849	2849	t	t	t	t
2867	2867	t	t	t	t
2872	2872	t	t	t	t
2880	2880	t	t	t	t
2883	2883	t	t	t	t
2899	2899	t	t	t	t
2916	2916	t	t	t	t
2954	2954	t	t	t	t
\.


--
-- TOC entry 3419 (class 0 OID 16414)
-- Dependencies: 214
-- Data for Name: quejas; Type: TABLE DATA; Schema: public; Owner: mots
--

COPY public.quejas (id_queja, id_distribuidora, estado, anio) FROM stdin;
\.


--
-- TOC entry 3420 (class 0 OID 16419)
-- Dependencies: 215
-- Data for Name: ventas_internas; Type: TABLE DATA; Schema: public; Owner: mots
--

COPY public.ventas_internas (id_vi, id_distribuidora, tipo, unidad, periodo, valor) FROM stdin;
\.


--
-- TOC entry 3249 (class 2606 OID 16437)
-- Name: comercio_exterior comercio_exterior_pkey; Type: CONSTRAINT; Schema: public; Owner: mots
--

ALTER TABLE ONLY public.comercio_exterior
    ADD CONSTRAINT comercio_exterior_pkey PRIMARY KEY (id_ce);


--
-- TOC entry 3263 (class 2606 OID 16636)
-- Name: distribuidora distribuidora_pkey; Type: CONSTRAINT; Schema: public; Owner: postgres
--

ALTER TABLE ONLY public.distribuidora
    ADD CONSTRAINT distribuidora_pkey PRIMARY KEY (id_distribuidora);


--
-- TOC entry 3251 (class 2606 OID 16441)
-- Name: estado estado_pkey; Type: CONSTRAINT; Schema: public; Owner: mots
--

ALTER TABLE ONLY public.estado
    ADD CONSTRAINT estado_pkey PRIMARY KEY (id_estado);


--
-- TOC entry 3253 (class 2606 OID 16443)
-- Name: pozo pozo_pkey; Type: CONSTRAINT; Schema: public; Owner: mots
--

ALTER TABLE ONLY public.pozo
    ADD CONSTRAINT pozo_pkey PRIMARY KEY (id_pozo);


--
-- TOC entry 3255 (class 2606 OID 16445)
-- Name: produccion produccion_pkey; Type: CONSTRAINT; Schema: public; Owner: mots
--

ALTER TABLE ONLY public.produccion
    ADD CONSTRAINT produccion_pkey PRIMARY KEY (id_produccion);


--
-- TOC entry 3257 (class 2606 OID 16447)
-- Name: productos productos_pkey; Type: CONSTRAINT; Schema: public; Owner: mots
--

ALTER TABLE ONLY public.productos
    ADD CONSTRAINT productos_pkey PRIMARY KEY (id_productos);


--
-- TOC entry 3259 (class 2606 OID 16449)
-- Name: quejas quejas_pkey; Type: CONSTRAINT; Schema: public; Owner: mots
--

ALTER TABLE ONLY public.quejas
    ADD CONSTRAINT quejas_pkey PRIMARY KEY (id_queja);


--
-- TOC entry 3261 (class 2606 OID 16451)
-- Name: ventas_internas ventas_internas_pkey; Type: CONSTRAINT; Schema: public; Owner: mots
--

ALTER TABLE ONLY public.ventas_internas
    ADD CONSTRAINT ventas_internas_pkey PRIMARY KEY (id_vi);


--
-- TOC entry 3271 (class 2620 OID 16453)
-- Name: ventas_internas valida_valor; Type: TRIGGER; Schema: public; Owner: mots
--

CREATE TRIGGER valida_valor BEFORE INSERT OR UPDATE ON public.ventas_internas FOR EACH ROW EXECUTE FUNCTION public.valida_valor();


--
-- TOC entry 3269 (class 2606 OID 16637)
-- Name: distribuidora distribuidora_id_estado_fkey; Type: FK CONSTRAINT; Schema: public; Owner: postgres
--

ALTER TABLE ONLY public.distribuidora
    ADD CONSTRAINT distribuidora_id_estado_fkey FOREIGN KEY (id_estado) REFERENCES public.estado(id_estado);


--
-- TOC entry 3270 (class 2606 OID 16642)
-- Name: distribuidora distribuidora_id_pozo_fkey; Type: FK CONSTRAINT; Schema: public; Owner: postgres
--

ALTER TABLE ONLY public.distribuidora
    ADD CONSTRAINT distribuidora_id_pozo_fkey FOREIGN KEY (id_pozo) REFERENCES public.pozo(id_pozo);


--
-- TOC entry 3264 (class 2606 OID 16672)
-- Name: comercio_exterior fk_ce; Type: FK CONSTRAINT; Schema: public; Owner: mots
--

ALTER TABLE ONLY public.comercio_exterior
    ADD CONSTRAINT fk_ce FOREIGN KEY (id_distribuidora) REFERENCES public.distribuidora(id_distribuidora) ON DELETE CASCADE;


--
-- TOC entry 3266 (class 2606 OID 16667)
-- Name: produccion fk_produccion; Type: FK CONSTRAINT; Schema: public; Owner: mots
--

ALTER TABLE ONLY public.produccion
    ADD CONSTRAINT fk_produccion FOREIGN KEY (id_pozo) REFERENCES public.pozo(id_pozo) ON DELETE CASCADE;


--
-- TOC entry 3267 (class 2606 OID 16662)
-- Name: quejas fk_quejas; Type: FK CONSTRAINT; Schema: public; Owner: mots
--

ALTER TABLE ONLY public.quejas
    ADD CONSTRAINT fk_quejas FOREIGN KEY (id_distribuidora) REFERENCES public.distribuidora(id_distribuidora) ON DELETE CASCADE;


--
-- TOC entry 3268 (class 2606 OID 16657)
-- Name: ventas_internas fk_vi; Type: FK CONSTRAINT; Schema: public; Owner: mots
--

ALTER TABLE ONLY public.ventas_internas
    ADD CONSTRAINT fk_vi FOREIGN KEY (id_distribuidora) REFERENCES public.distribuidora(id_distribuidora) ON DELETE CASCADE;


--
-- TOC entry 3265 (class 2606 OID 16469)
-- Name: pozo pozo_id_estado_fkey; Type: FK CONSTRAINT; Schema: public; Owner: mots
--

ALTER TABLE ONLY public.pozo
    ADD CONSTRAINT pozo_id_estado_fkey FOREIGN KEY (id_estado) REFERENCES public.estado(id_estado);


-- Completed on 2023-11-15 12:50:44 CST

--
-- PostgreSQL database dump complete
--

